0.82154,0.55357,-0.13651,8
-0.95026,0.31126,-0.010754,8
0.96288,-0.078634,0.25823,7
0.88167,0.0095987,-0.47177,5
0.59541,0.28595,-0.75081,5
0.85488,0.032902,-0.51778,5
0.62919,0.39105,-0.67171,8
-0.83444,0.55104,-0.008007,8
-0.85014,0.52525,0.037064,8
0.14081,-0.83438,-0.53291,5
-0.93634,0.35066,0.01726,8
-0.19302,0.24943,-0.94896,5
-0.91649,0.39664,-0.052222,8
0.77784,0.59023,-0.21585,8
0.73257,0.32876,-0.59604,8
0.78626,0.59464,-0.16791,8
-0.52618,0.84962,-0.035924,4
0.16115,-0.62221,0.76609,7
0.74989,0.28597,-0.59656,5
0.02968,-0.949,0.31386,4
0.64718,0.37169,-0.66558,8
0.87303,0.062453,-0.48365,5
-0.58298,0.80712,-0.093241,8
-0.96144,0.27298,-0.033307,8
0.89821,0.029891,-0.43856,8
0.94643,0.045546,-0.31969,8
0.61372,-0.78913,-0.025034,7
0.090172,0.99492,-0.044738,7
-0.24119,0.26997,-0.93217,5
-0.88161,0.4632,-0.090608,8
0.11283,0.65856,-0.74402,6
-0.63341,-0.70404,0.32112,8
-0.8298,0.54058,0.13857,8
-0.87081,0.47584,0.12352,8
0.093069,-0.81603,0.57047,8
-0.91518,0.3936,0.086755,8
0.66598,0.35136,-0.65804,8
-0.65109,-0.67512,0.34682,8
0.96987,-0.016,-0.24309,8
-0.84876,0.5031,0.16279,8
0.88648,0.072146,-0.45712,5
0.85993,0.058288,-0.50708,5
0.96578,-0.13945,-0.21866,5
-0.91762,0.397,0.018988,8
-0.91872,0.39393,-0.027751,8
0.11408,0.51744,-0.84808,6
0.92628,0.071799,-0.36993,8
0.9348,0.057989,-0.35042,5
0.090498,0.6441,-0.75957,6
-0.99347,0.11176,0.023063,4
-0.91196,0.39372,0.11543,8
-0.49682,0.86703,-0.037691,4
0.86279,-0.14222,-0.48514,5
0.92355,0.16956,-0.34396,5
0.74342,0.37193,-0.55587,8
-0.87298,0.48763,-0.011366,8
-0.8698,0.48561,0.087414,8
0.50915,-0.78976,-0.34212,8
-0.87063,0.48041,0.10583,8
-0.82391,0.56567,0.034621,8
-0.91647,0.39747,0.045911,8
-0.65385,-0.68821,0.3144,8
-0.95244,0.30463,0.0070397,8
-0.93048,0.26421,0.25377,8
0.090228,-0.5756,-0.81274,8
0.95757,0.015004,-0.28782,5
-0.86705,0.49287,0.072885,8
0.73408,0.30752,-0.60544,5
-0.97117,0.23337,0.048604,8
-0.93804,0.33284,-0.096454,8
0.73796,0.26381,-0.62114,5
0.96353,0.12873,-0.23461,8
-0.93691,0.33755,0.090886,8
0.90077,0.1444,-0.40959,5
0.7898,0.5864,-0.17987,8
0.93582,0.0026363,-0.35247,5
0.93488,-0.054346,-0.35078,8
-0.90565,0.42219,0.03951,5
-0.78784,0.61508,-0.03141,8
0.97527,-0.082801,-0.2049,8
-0.51485,0.85603,-0.046323,4
0.038377,-0.66636,-0.74464,8
-0.8077,0.58774,0.046764,8
-0.96538,0.25878,0.032687,8
0.86868,-0.16416,-0.46739,5
-0.54292,0.838,0.054769,4
0.69776,-0.17171,-0.69545,8
0.80262,-0.064957,-0.59294,5
0.08168,-0.94305,0.32248,7
0.073281,0.99619,0.047344,5
0.95761,-0.27067,-0.098596,6
-0.90034,-0.42946,-0.070417,9
0.89055,0.19584,-0.41058,5
-0.96041,0.27844,-0.0087769,8
-0.48161,-0.29866,-0.82393,5
-0.92519,0.37317,-0.069082,8
0.85269,-0.13385,-0.50498,5
-0.28365,-0.76239,0.58164,4
0.85306,0.04298,-0.52004,5
0.87517,0.025177,-0.48315,5
0.71581,0.35685,-0.60023,8
-0.31855,0.2147,-0.92327,8
-0.93141,0.35789,0.066214,8
0.80244,0.37886,-0.46105,5
0.94994,-0.0025797,-0.31241,5
0.0056464,-0.58054,-0.81421,8
-0.94047,0.33951,-0.015455,8
0.89375,0.17503,-0.413,8
-0.90974,0.37257,-0.18323,5
-0.34245,0.26928,-0.90012,8
-0.9439,0.32692,0.046631,8
-0.90001,0.434,-0.040271,8
0.48664,-0.13699,-0.8628,9
-0.88765,0.45596,0.064634,8
-0.95945,0.27651,0.054752,8
0.62418,0.43187,-0.65106,8
0.79711,0.57519,-0.18375,8
0.96279,-0.21217,-0.16736,8
0.8998,0.17793,-0.39836,5
0.46307,-0.54012,-0.70273,7
-0.8535,0.51006,0.10662,8
-0.79979,0.60025,-0.0055517,8
-0.80206,0.59431,-0.059113,8
0.14173,0.68974,-0.71005,6
-0.87924,0.45669,0.13553,8
0.85528,0.017092,-0.51788,5
0.88061,0.04952,-0.47124,5
-0.1528,0.46107,-0.87411,5
0.942,-0.077341,0.32659,5
0.81385,0.55763,-0.16343,8
0.053969,-0.95587,0.28877,4
-0.9111,0.37345,0.17447,8
-0.97289,0.22984,-0.025693,8
-0.22129,0.96144,-0.16329,8
0.8845,0.10566,-0.45441,5
0.7117,0.2616,-0.65195,5
0.096364,0.72339,-0.68368,9
0.83115,0.53248,-0.16017,8
0.98307,-0.18125,0.026793,7
0.12671,-0.9174,0.37726,5
0.62887,0.34101,-0.69874,8
-0.90866,0.39252,0.14239,8
-0.86459,0.49269,0.098744,8
-0.1581,0.28511,0.94537,8
0.86563,-0.011578,-0.50056,5
0.91242,-0.24528,0.32761,7
-0.91361,0.39484,0.097039,8
0.80771,-0.26333,0.5275,5
0.97806,-0.14713,-0.14751,5
0.94865,0.023278,-0.31548,5
-0.93883,0.3218,0.12266,8
0.63731,0.34078,-0.69116,8
-0.27606,0.1372,-0.9513,5
0.94278,0.031905,-0.33188,5
0.64723,0.35214,-0.67608,8
0.88517,0.035022,-0.46394,5
-0.88471,0.45738,0.089983,8
-0.83426,0.55101,-0.020191,8
-0.94268,0.2011,0.2663,8
0.87885,0.19854,-0.43383,5
-0.96753,-0.12439,0.22002,5
-0.31653,0.7415,0.59159,8
0.17072,-0.94377,0.2831,5
-0.86723,0.4719,0.15882,8
0.97717,-0.12758,-0.16991,5
0.732,0.34917,-0.58503,8
-0.84671,0.52931,-0.053902,8
0.64402,0.28134,-0.7114,5
-0.90829,0.41809,0.014201,8
0.63818,0.65902,-0.39802,6
0.1899,-0.63524,0.7486,5
0.65945,0.2985,-0.68994,8
0.9092,0.177,-0.37687,5
-0.84105,0.54088,-0.0086922,8
-0.95529,0.29465,-0.024659,8
0.65172,0.32106,-0.68716,8
0.79186,0.59243,-0.1483,8
-0.14869,-0.87892,0.4532,8
0.68524,0.33067,-0.64892,8
0.37255,-0.74509,0.55321,8
0.86735,-0.021514,-0.49723,5
-0.87055,0.48252,0.096499,8
-0.059099,0.79925,-0.59809,8
-0.83288,0.035838,-0.55229,7
0.79535,0.58349,-0.1642,8
0.7087,0.29832,-0.63934,8
-0.40548,0.57105,-0.71379,5
-0.88979,0.45635,-0.00524,8
0.80485,0.57317,-0.1539,8
-0.88835,0.45786,-0.034649,8
-0.9057,0.4117,0.10101,8
0.85605,-0.14465,-0.49623,5
-0.83536,0.5497,0.003462,8
0.8598,-0.13486,-0.4925,5
0.71179,0.32752,-0.62136,8
0.77313,-0.60016,-0.20512,8
-0.84358,0.53634,-0.026644,8
0.97826,-0.10375,-0.17956,5
-0.97891,0.19588,-0.05802,8
0.63832,0.33005,-0.69543,8
0.33701,-0.27951,-0.89905,4
-0.84597,0.53316,0.0088241,8
0.99308,-0.065566,-0.09748,5
-0.90993,0.41475,-0.004619,8
0.60518,0.3225,-0.72784,8
0.37869,0.056138,-0.92382,6
-0.91005,0.4095,0.064194,8
-0.91991,0.38252,0.086243,8
0.057411,-0.8314,0.5527,4
-0.93613,0.2596,0.23719,8
0.82627,0.4061,-0.39034,7
0.89823,0.16197,-0.40859,5
0.7719,0.29784,-0.56166,5
-0.13881,0.55374,0.82104,9
-0.8991,0.43767,0.0071753,8
0.61255,0.38065,-0.69274,8
0.37702,-0.75506,-0.53641,4
0.6146,0.34128,-0.71119,8
0.58889,0.3469,-0.72998,8
0.47245,0.070194,0.87856,5
-0.26624,-0.61672,0.7408,5
0.56965,-0.51133,-0.64346,6
0.89999,0.091569,-0.42619,5
-0.091591,0.76408,-0.63859,5
0.87396,-0.030374,-0.48505,5
0.75224,0.12643,-0.64664,5
0.78729,0.60458,-0.12108,8
0.43683,0.6549,-0.61668,4
0.87017,-0.010458,-0.49264,5
-0.045693,-0.99682,0.065262,5
-0.95141,0.24214,0.19023,8
-0.89846,0.42979,-0.089688,8
-0.92682,0.36524,0.087271,8
0.046111,0.71585,-0.69673,6
0.86848,0.0514,-0.49305,5
0.96003,0.062357,-0.27285,5
-0.14699,0.96514,-0.21656,5
0.95753,-0.12982,0.25746,5
-0.91965,0.37874,0.1039,8
0.62356,0.30261,-0.72083,8
0.81618,0.34227,-0.46551,8
0.31293,-0.9384,0.14658,7
-0.89579,0.41283,0.1647,8
0.71685,0.3305,-0.61393,8
-0.24396,0.28514,-0.92692,5
-0.91034,0.40521,0.084215,8
0.98168,-0.12495,-0.14388,5
-0.88796,0.43698,-0.14345,8
-0.90514,0.4209,-0.059751,8
0.9297,0.0049489,0.36829,8
-0.89754,0.44048,-0.019809,5
0.87728,-0.013008,-0.47981,5
-0.2394,0.97061,-0.024647,6
0.16757,-0.69729,0.69693,7
-0.96625,0.25724,-0.013968,8
-0.12975,-0.85845,0.49621,8
0.32694,-0.93679,0.12466,7
-0.92687,0.34433,0.14946,8
0.93548,0.03957,-0.35116,5
0.97957,-0.18293,-0.08351,8
-0.067393,-0.55911,-0.82635,8
0.86505,0.036848,-0.50033,5
0.87647,0.081369,-0.47453,5
0.86526,-0.0024201,-0.50132,5
0.029431,-0.63504,-0.77192,7
-0.93247,0.24696,0.26366,8
0.58828,-0.25402,0.76773,8
-0.81053,0.58495,-0.029787,8
-0.91701,0.39883,-0.0053996,8
-0.97806,-0.10296,-0.18112,8
0.89331,0.13546,-0.42854,5
-0.85222,0.52307,-0.010689,8
0.53389,0.8076,-0.25047,8
-0.94636,0.22328,0.23357,8
-0.31506,0.58848,0.7446,5
0.072205,-0.92186,0.38074,8
0.85867,-0.0047459,-0.51251,5
0.80285,0.56101,-0.20175,8
-0.87563,0.47367,0.094376,5
0.80183,0.57269,-0.17059,8
-0.22559,0.2331,-0.94592,5
-0.89019,0.44279,0.10726,8
0.91597,0.14969,-0.37229,8
-0.83665,0.54476,0.05703,8
-0.9035,0.4285,-0.0085355,8
0.82916,0.019816,-0.55866,8
-0.89975,0.4283,0.083772,8
0.85319,0.22248,-0.47178,5
-0.92741,0.37219,0.037079,8
-0.82789,0.56084,-0.0078589,8
-0.94803,0.31585,-0.038365,8
0.64571,0.33798,-0.68471,8
0.92979,-0.019574,-0.36756,5
0.25571,-0.45384,-0.85361,5
-0.18995,0.2824,-0.9403,5
0.89531,-0.2745,0.35081,5
-0.9635,0.25537,0.080276,8
0.66274,-0.41202,0.62532,8
-0.65783,-0.037055,-0.75226,5
0.62198,0.35656,-0.69714,8
0.7117,0.34157,-0.61386,8
0.86665,-0.043834,-0.49698,5
0.84777,-0.17376,-0.50109,5
-0.90513,0.42438,-0.025332,8
0.91028,0.13289,-0.39209,8
0.88665,0.18162,-0.42529,8
0.1179,-0.96817,0.2208,8
0.63562,0.35036,-0.68792,8
-0.95587,0.29372,0.0068491,8
0.9029,0.11785,-0.41338,8
0.75128,0.33732,-0.56727,8
-0.92927,0.28548,0.23442,8
0.95018,0.068617,-0.30406,5
0.9072,-0.26671,0.32535,7
-0.83423,0.5469,-0.070422,8
0.89023,0.052344,-0.4525,5
0.75904,0.62852,-0.16977,8
-0.9272,0.37262,-0.038074,8
-0.87173,0.48802,-0.043785,8
0.90305,-0.061744,-0.42507,8
0.93832,0.024847,-0.34489,5
-0.6754,-0.67711,0.29217,5
0.024855,-0.51034,-0.85961,5
-0.93598,0.24899,0.24889,8
-0.88326,-0.46596,-0.052282,9
-0.82144,0.56823,-0.048558,5
-0.9769,0.21314,0.015219,8
-0.82595,0.56366,0.0094109,8
0.63179,0.36674,-0.68289,8
-0.94184,0.22366,0.25083,8
0.92789,0.045436,-0.37008,5
-0.38656,0.45422,-0.80265,7
-0.92255,0.38019,0.066005,8
-0.90162,0.41421,0.12457,8
0.87524,0.042889,-0.48178,5
0.87954,0.062871,-0.47166,5
0.812,0.45916,-0.3603,5
-0.95573,0.29422,-0.0045911,8
0.76379,0.61307,-0.20193,8
-0.88892,0.45687,0.032893,8
-0.95534,0.29487,0.019336,8
0.83611,-0.026628,-0.54792,5
-0.94624,0.32338,0.0074039,8
0.74733,0.315,-0.58504,8
-0.97001,0.2429,0.0087551,8
-0.31185,0.77759,-0.54599,5
-0.94064,0.26084,0.21717,8
-0.84088,0.53177,0.1007,8
0.85171,-0.52301,-0.032469,5
0.66016,0.33426,-0.67265,8
-0.52728,0.71957,0.45189,4
-0.25509,0.58748,-0.76799,5
0.98547,-0.11839,-0.1218,5
-0.65899,-0.68296,0.31511,8
-0.27059,0.31156,-0.91089,5
-0.87807,0.47546,0.0542,8
0.12652,-0.95053,0.28371,9
0.099172,-0.80892,0.57949,8
0.88409,-0.26306,0.38626,5
0.074206,-0.80434,-0.58952,6
0.11028,0.44479,-0.88882,6
0.071629,0.76008,-0.64587,9
0.26627,0.94778,-0.17555,6
0.53404,-0.5661,-0.62796,6
0.69149,-0.66529,0.28146,6
0.092278,-0.81218,0.57607,9
0.32577,0.29567,-0.89803,9
-0.57317,0.60926,-0.54797,5
0.84931,0.38852,-0.35738,8
-0.03745,-0.86596,0.4987,9
0.83523,0.3228,-0.44519,5
0.13118,-0.64828,0.75002,9
0.47946,-0.0052755,-0.87755,6
0.79535,0.58043,-0.1747,8
0.084082,0.71977,-0.6891,6
0.13764,-0.79243,-0.59422,9
-0.36845,-0.76826,0.52347,9
0.088396,0.47044,-0.87799,6
-0.06138,0.76669,-0.63908,9
-0.012857,0.76921,-0.63887,6
-0.5078,0.81308,-0.28467,9
0.042781,-0.89176,0.45049,9
0.11709,-0.80713,-0.57864,6
0.12823,0.72129,-0.68066,6
0.88138,0.45516,0.12646,9
0.044921,-0.78439,-0.61863,9
-0.9137,0.38771,-0.12182,5
-0.64146,-0.6907,0.33386,8
0.38556,0.074415,-0.91968,6
0.18381,0.62118,-0.76181,6
0.25407,0.90887,-0.33075,6
0.9102,0.20427,-0.36029,5
0.60919,-0.55295,-0.56845,6
0.36196,0.089285,-0.92791,6
-0.037716,0.50258,-0.86371,9
0.83044,-0.5049,-0.23546,9
-0.93863,0.24182,0.24596,8
-0.22022,-0.81515,0.53575,9
0.02715,-0.80038,-0.59887,6
-0.2181,0.2824,-0.93418,5
0.49817,-0.64797,0.57616,9
0.36791,0.082203,-0.92622,6
0.9036,-0.26022,0.34028,4
-0.90996,0.41292,-0.038321,8
-0.045673,0.76001,-0.64831,9
0.40118,0.050113,-0.91463,6
-0.51633,0.80724,-0.28594,6
-0.85898,0.50455,0.087061,8
0.028272,-0.6022,-0.79784,6
0.35254,0.79477,-0.49402,8
-0.57682,0.7816,-0.23746,9
-0.076282,0.50404,-0.86031,9
-0.66405,0.43853,-0.60558,8
0.80393,0.57937,-0.13426,8
-0.97843,-0.033234,0.20389,4
-0.76084,-0.63631,0.12737,6
-0.21667,-0.77511,0.59352,9
-0.67338,-0.71651,0.18214,6
-0.33374,-0.51594,-0.78893,8
0.098015,-0.53035,-0.84209,4
0.054562,-0.60587,-0.79369,5
0.14072,-0.63066,-0.7632,8
-0.9472,-0.064585,0.31408,9
0.34527,0.4119,-0.84328,9
0.87966,0.21996,-0.42168,6
-0.46737,0.82532,-0.31688,4
0.70406,0.31999,-0.63396,5
0.063715,0.74,-0.66958,6
-0.65679,-0.69545,0.2915,8
-0.455,-0.44619,-0.77064,9
0.52756,-0.38127,-0.75916,9
0.97144,-0.14279,-0.18949,9
-0.1887,-0.97997,0.063675,5
0.91712,-0.2095,0.33912,4
-0.96384,0.26632,0.0092673,8
-0.52894,0.80006,-0.28308,6
0.59358,-0.50409,-0.62734,6
-0.86079,0.49053,0.13572,8
-0.50533,0.81087,-0.29518,9
0.71029,-0.62328,0.32711,5
-0.86541,0.49868,0.048778,8
0.59207,-0.54628,-0.59248,6
-0.017715,0.46789,-0.88361,9
0.82969,0.047049,-0.55623,5
0.10104,0.48189,-0.87038,5
-0.508,0.80437,-0.3081,6
0.84114,0.36626,-0.39791,5
-0.49846,0.86174,-0.094582,8
0.12236,0.70647,-0.69708,9
0.072243,0.71014,-0.70034,9
-0.91211,0.40944,-0.020615,8
0.38091,-0.73884,-0.55589,9
0.37079,0.67003,-0.64309,9
-0.01593,-0.63671,0.77093,9
-0.93771,0.23791,0.25318,8
0.23744,-0.97045,-0.043081,9
0.35416,0.4482,-0.82078,9
-0.38931,-0.77004,0.50545,9
0.77482,0.60697,-0.17679,8
-0.73737,0.45684,-0.49758,9
0.037677,-0.59219,-0.80492,9
0.38684,0.65153,-0.65258,4
0.0059479,0.52985,-0.84807,6
0.011843,-0.59779,-0.80156,6
0.82188,0.1135,-0.55823,6
0.59087,0.23202,0.77268,8
-0.26861,0.92739,-0.26039,5
0.83254,0.36451,-0.41714,6
0.94438,-0.12055,0.30597,6
0.95385,0.10462,-0.28146,6
-0.072325,-0.24314,0.96729,6
0.69257,-0.64466,0.32365,6
0.089085,0.446,-0.89059,6
0.85184,0.051925,-0.52123,5
-0.036709,0.55154,-0.83334,6
0.62792,-0.48975,-0.60487,9
-0.50028,0.86361,-0.06245,9
0.08357,0.4618,-0.88304,6
0.094681,-0.83564,-0.54105,9
-0.22486,-0.28199,0.93269,5
-0.76622,0.6343,-0.10277,4
0.58791,0.41965,-0.69156,5
0.48969,-0.83702,-0.24414,9
0.35824,0.39092,-0.84785,6
0.10734,0.46424,-0.87918,6
0.85961,-0.15174,-0.48789,5
-0.8343,0.5498,-0.040798,8
0.93285,-0.14557,0.32956,6
-0.91229,0.40112,-0.082612,8
0.11614,-0.60379,0.78863,4
0.93302,-0.077798,0.35131,6
-0.83232,0.4525,-0.32015,9
0.0122,-0.62539,0.78022,9
0.96189,-0.026305,0.27217,9
0.69985,-0.66424,0.26265,6
-0.24445,0.8738,-0.42037,6
-0.052366,0.57091,0.81934,9
0.30257,0.11146,-0.94659,6
0.97901,-0.12924,-0.15761,5
0.025743,0.477,-0.87853,6
0.08929,0.62155,-0.77827,6
0.0015632,-0.95385,0.30027,9
0.021974,-0.59326,-0.80471,8
0.035536,0.61182,-0.7902,6
-0.51363,0.8575,-0.029544,4
-0.069985,0.98714,0.14374,9
-0.2514,0.27899,-0.9268,5
0.6937,-0.67769,0.24397,6
0.87391,-0.33491,0.3523,4
0.90273,-0.28711,0.32039,4
0.84157,0.028567,-0.53939,5
0.058,0.35023,-0.93487,6
0.36677,-0.75058,-0.54964,9
0.8468,0.13792,-0.51372,6
-0.53335,0.84559,-0.022622,4
-0.042206,0.73134,-0.6807,9
0.37133,0.071946,-0.92571,6
0.086251,0.50006,-0.86169,6
-0.24671,0.33024,-0.91109,5
-0.052572,0.75141,-0.65774,6
-0.16754,-0.98427,-0.056095,5
-0.0099204,0.75337,-0.65752,6
-0.92732,0.3577,0.11017,8
0.051768,-0.54624,-0.83603,8
0.88639,0.15441,-0.43642,5
0.70172,-0.64479,0.30304,6
0.97578,-0.12211,-0.1815,5
0.26248,0.33247,-0.90585,9
0.84919,0.34561,-0.39929,5
0.86747,-0.13175,-0.47973,5
0.074501,-0.9383,-0.3377,5
0.069799,-0.79526,0.60223,4
-0.66016,-0.53013,0.53212,4
0.791,0.57875,-0.19841,8
0.34843,0.49045,-0.79878,9
-0.62015,-0.76077,0.19143,9
-0.0424,0.74502,-0.66569,6
-0.064339,0.73637,-0.67351,9
-0.47778,0.83942,-0.25905,6
-0.52697,-0.84466,0.094089,9
-0.064904,-0.96749,-0.24443,6
0.33198,0.10975,-0.93688,6
0.31785,0.14632,-0.93678,6
-0.77605,0.013806,-0.63052,9
0.66851,-0.24007,0.70389,9
0.81141,0.0074841,-0.58443,6
0.048928,-0.99655,-0.067039,6
-0.50774,0.78529,-0.3543,9
0.84386,0.3263,-0.42595,5
0.048688,-0.94721,0.31688,4
0.97713,-0.018762,0.21183,8
0.34682,0.088781,-0.93372,6
-0.75003,0.557,-0.35668,8
0.79229,0.56722,-0.22481,8
0.022494,0.73791,-0.67453,9
0.99341,0.11429,0.0091115,9
0.52573,-0.018721,-0.85044,6
0.075205,0.48328,-0.87223,6
-0.51115,-0.8566,-0.070442,8
0.3423,0.02105,-0.93936,9
0.14553,-0.66012,0.73693,9
0.68084,-0.68101,0.2696,6
0.81983,0.54106,-0.18746,6
0.37964,0.39233,-0.83783,8
0.81262,0.57315,-0.1056,5
-0.59168,-0.5785,-0.56148,6
0.28882,-0.94948,0.1228,5
0.93779,-0.031918,0.34573,6
0.82585,0.5342,0.18056,8
0.36922,-0.72436,-0.58221,9
0.95102,-0.077774,0.29917,6
0.89635,-0.24678,0.36831,9
0.71403,-0.64379,0.27514,9
0.67201,-0.67925,0.29498,6
0.97183,-0.16132,-0.17181,4
0.85139,0.32822,-0.40915,5
0.70151,0.33981,-0.62643,8
0.34109,0.39293,-0.85397,9
-0.49117,0.73364,0.4696,9
0.11232,-0.79567,-0.59522,6
0.15112,0.6422,-0.75149,6
0.70695,-0.64842,0.28244,6
-0.93551,0.22866,0.26932,8
0.38859,0.097884,-0.91619,9
0.49697,-0.78025,0.37977,9
0.29122,-0.51572,-0.80575,9
0.60423,0.36237,-0.70964,8
0.57414,-0.53951,-0.61586,6
0.06363,0.58598,-0.80783,6
-0.25291,-0.61051,-0.75054,6
-0.055335,0.48683,-0.87174,6
0.4082,0.11045,-0.90619,9
0.096726,0.74475,-0.66029,9
0.39093,-0.72775,-0.56352,9
0.94562,-0.077542,0.31588,6
0.92153,-0.38133,0.073248,5
0.26963,0.49683,0.8249,9
-0.020832,0.78871,-0.61441,9
0.067569,-0.81485,-0.57573,6
-0.45183,-0.72373,0.5216,9
0.43633,0.16405,-0.8847,8
0.010237,0.41366,0.91038,9
-0.051373,-0.8818,0.46882,4
-0.033058,0.48749,-0.8725,6
0.12971,0.74074,-0.65915,6
0.096868,-0.77095,-0.62948,6
0.31198,0.37452,-0.87316,9
0.11444,-0.65904,0.74335,9
0.28367,-0.94602,0.15677,6
0.8844,-0.35499,0.303,5
0.73099,-0.64039,0.23569,6
-0.32875,-0.11331,0.93759,6
0.094066,0.71632,-0.6914,6
0.25167,-0.96693,0.041411,9
0.13465,-0.81355,0.56568,9
-0.5107,0.80925,-0.29035,9
0.010711,0.50349,-0.86394,6
0.10531,0.60147,-0.79192,6
0.15662,0.90343,-0.39911,6
0.87217,0.25289,0.41878,5
0.0017551,-0.97868,-0.2054,5
-0.18924,-0.89528,0.40331,6
0.37222,0.9043,0.20902,9
0.38512,-0.91437,-0.12493,9
-0.95488,-0.22257,0.19662,4
0.084561,0.67611,-0.73193,6
0.010764,-0.74667,0.66511,9
0.94374,0.17357,-0.28147,5
-0.57779,-0.79543,0.1829,9
0.54246,-0.49412,-0.67941,9
-0.58756,0.80915,-0.0071716,5
0.096369,-0.78743,-0.60882,6
-0.2102,0.30292,-0.92955,5
-0.62382,0.53916,0.56583,6
0.056939,-0.83318,-0.55006,6
-0.4084,-0.75518,0.51274,6
0.90053,-0.27268,0.33867,9
-0.82456,0.56522,-0.025046,8
0.042494,-0.81974,-0.57116,9
-0.042438,0.5158,-0.85566,6
0.34009,0.4071,-0.84771,9
0.12044,0.59191,-0.79695,6
0.55263,-0.56241,-0.61506,9
-0.23959,-0.71127,0.66082,6
0.33527,-0.7362,-0.58788,6
0.144,-0.95732,-0.25062,9
0.3896,0.45654,-0.79987,9
0.13474,0.60418,-0.78538,6
-0.40882,-0.77379,0.48386,9
0.8956,-0.28598,0.34075,9
0.86767,0.19011,-0.45935,5
-0.92309,0.1134,-0.36749,6
-0.015453,-0.94831,-0.31696,8
-0.95825,0.20529,0.19902,5
-0.42547,0.083772,-0.90109,4
-0.11963,-0.90102,0.41695,7
-0.040466,0.75324,-0.6565,6
-0.37569,-0.7768,0.5054,6
-0.2373,0.28265,-0.92941,5
0.092557,0.56804,-0.81778,6
0.35428,0.10871,-0.9288,6
0.52319,-0.54588,-0.65444,6
-0.36181,-0.29698,0.88368,6
0.067132,0.72429,-0.68622,9
0.064859,-0.96141,0.26736,9
0.89361,0.1653,-0.4173,5
-0.94469,0.23917,0.2244,8
0.38957,-0.91985,-0.045969,9
0.16601,-0.91263,-0.37356,6
0.24361,-0.70627,0.6647,8
0.71512,-0.62965,0.30356,9
0.38579,-0.9224,-0.018484,9
-0.9656,0.25362,-0.057332,8
-0.68438,0.61207,0.39623,8
0.73594,-0.57875,0.35133,9
-0.87867,0.46469,0.10958,5
-0.3005,-0.76483,0.56986,4
0.90323,-0.22007,0.36845,5
-0.069053,-0.68558,0.72471,9
0.48076,-0.054419,-0.87516,9
0.71283,-0.66164,0.23262,6
-0.81703,0.57072,-0.082137,8
0.14143,0.58455,-0.79893,9
0.074033,-0.94856,0.30781,4
-0.99853,-0.0541,-0.0045318,6
-0.030572,0.75968,-0.64958,9
0.67249,-0.66549,0.32385,6
0.75743,0.60257,-0.2514,8
0.87998,0.17211,-0.44274,5
0.35915,0.42563,-0.83057,9
-0.9349,0.19321,-0.29772,6
-0.61087,-0.75682,0.23253,9
0.89742,-0.25816,-0.35776,6
-0.87348,-0.027268,-0.48609,6
0.32848,-0.76102,-0.55942,6
0.12537,0.63368,-0.76337,6
-0.10788,0.49244,-0.86363,6
0.83475,0.071115,-0.54602,5
0.74987,-0.61442,0.24531,6
-0.5359,0.8132,0.22697,8
-0.11114,-0.59731,-0.79427,5
-0.47676,0.83066,-0.28757,4
0.0057714,-0.75964,0.65032,4
-0.93976,0.24577,0.23757,8
0.44947,-0.049668,-0.89192,6
0.02042,0.69526,-0.71847,9
0.86011,-0.19954,-0.46946,9
0.13614,0.46102,-0.87689,6
0.5879,-0.56623,-0.57772,6
0.13242,-0.62368,0.77038,9
0.062863,-0.94593,0.31822,9
-0.0041435,-0.57583,0.81756,6
0.33926,0.35221,-0.87227,9
0.64796,-0.010799,0.7616,9
0.45697,-0.73332,-0.50341,6
0.057995,-0.94879,0.31055,9
-0.49153,0.81594,-0.30436,9
0.11525,-0.83023,0.54537,9
0.28161,0.40251,-0.87102,9
0.40342,0.080693,-0.91145,9
0.35854,-0.69843,-0.61939,9
0.089192,-0.82403,0.55948,9
-0.78057,0.4673,-0.41513,9
0.39285,0.6175,-0.68144,9
-0.0054236,0.55527,-0.83165,6
0.10634,0.617,-0.77974,6
-0.22813,-0.79132,0.56724,9
0.078947,-0.8161,0.5725,4
-0.52389,0.85137,-0.026701,4
0.7046,-0.65404,0.27525,6
0.95776,0.21893,-0.18645,6
0.44509,-0.11079,-0.88861,6
0.93181,0.024062,-0.36215,5
-0.5432,0.7759,-0.3208,4
0.10246,0.70772,-0.69902,6
-0.25801,-0.74049,0.62057,9
0.40868,0.69743,-0.5887,4
0.11667,0.60674,-0.78629,6
0.96175,0.03798,0.27129,8
0.32233,0.46192,-0.82627,9
0.55138,-0.15758,0.81924,6
0.84636,0.06552,-0.52857,5
0.41542,-0.72767,-0.54582,9
0.11947,-0.78153,-0.61232,6
0.37967,0.42438,-0.82204,9
0.95167,-0.20926,-0.22482,9
0.42625,0.065047,-0.90227,6
0.32829,0.414,-0.84902,6
0.1333,0.79577,-0.59074,6
0.97134,0.079924,-0.22387,8
-0.48919,-0.3524,0.79781,9
0.35912,0.053293,-0.93177,6
0.31438,-0.25294,0.91498,9
0.87535,0.053123,-0.48057,5
0.75446,-0.65377,0.058101,6
0.83724,-0.40752,0.36464,9
0.92889,-0.1028,0.35579,9
0.40319,0.019758,-0.9149,6
-0.38781,-0.76622,0.51236,9
-0.095771,0.98502,-0.14338,8
0.9788,-0.12265,-0.16404,5
-0.58264,0.75156,-0.30932,4
0.073273,0.60944,-0.78944,6
-0.30042,-0.22624,0.92659,6
-0.86236,0.49309,0.11491,8
0.7237,0.32308,-0.60982,8
-0.51166,0.72444,0.46194,9
0.37072,0.10074,-0.92327,6
-0.01192,-0.69426,-0.71963,8
0.46524,-0.041609,-0.8842,9
0.20392,0.57455,-0.79266,9
0.7508,-0.59355,0.2898,6
0.004083,-0.65878,0.75232,9
0.43811,0.42409,-0.79259,9
0.70051,0.36002,-0.61617,8
-0.028088,0.51643,-0.85587,9
-0.2342,0.29479,-0.92642,5
0.81891,-0.5722,0.044346,6
-0.95507,0.2908,-0.057299,8
0.86532,0.26925,-0.42276,5
0.84874,0.039307,-0.52736,5
0.047198,0.65103,-0.75759,6
0.42256,0.74241,-0.51987,6
0.4189,-0.039246,-0.90718,6
0.0080675,-0.68055,0.73266,9
-0.94812,0.16643,0.27087,6
0.096617,-0.94903,0.3,6
0.82955,-0.54385,-0.12677,9
0.80712,0.5616,-0.1821,8
0.56915,-0.35288,-0.74266,9
0.91835,0.036814,-0.39406,5
-0.55952,0.70966,0.42816,9
0.26282,-0.96254,0.066682,9
-0.020358,0.73764,-0.67489,9
-0.18058,0.41505,0.8917,5
-0.41736,0.87962,0.22818,9
-0.2448,-0.94142,-0.23195,9
0.079502,-0.8238,-0.56128,6
0.50408,0.01531,-0.86352,6
-0.50024,0.82389,-0.26638,6
0.1079,-0.93986,0.32407,9
0.49399,-0.025958,-0.86908,9
0.0033341,-0.9649,0.26259,9
-0.79196,0.61013,0.02326,8
-0.90946,0.30223,0.28557,5
0.27505,-0.78435,0.556,9
0.37155,0.03073,-0.9279,6
-0.015678,0.99956,0.025181,9
-0.9589,0.28364,0.0081213,8
-0.081645,-0.75139,0.65478,9
-0.24998,-0.7864,0.56488,9
-0.2741,-0.80924,0.51961,9
0.32,-0.24694,0.91467,6
0.8465,-0.096421,-0.52358,5
0.14027,0.43433,-0.88976,6
0.85796,0.04465,-0.51177,5
0.90703,-0.30091,0.29454,9
0.88933,0.16704,-0.42566,5
-0.25474,-0.76728,0.58854,9
0.86633,0.10109,-0.48913,5
0.80975,0.34186,0.47691,7
0.30329,-0.95287,-0.006738,9
-0.29889,0.30713,-0.90351,8
-0.36902,-0.78969,0.49011,9
0.91908,-0.186,-0.34742,8
0.37764,-0.7461,-0.54838,4
-0.94984,0.31168,0.025502,8
-0.52761,0.79382,-0.30244,9
0.47349,-0.048704,-0.87945,6
0.023258,-0.94197,0.3349,9
-0.97564,-0.18546,-0.11716,4
-0.7599,0.53706,0.36624,9
0.075098,0.46705,-0.88104,6
0.74246,-0.21012,0.63608,6
0.33913,0.74126,-0.57924,9
-0.47406,-0.74773,0.46493,9
0.90555,0.15845,-0.39355,5
0.06444,-0.85331,-0.51741,9
0.066396,-0.76977,-0.63485,6
-0.011133,0.51453,-0.8574,9
0.47381,-0.069749,-0.87786,6
-0.065297,0.57058,-0.81864,6
0.93457,0.084945,-0.3455,9
-0.61719,0.63767,-0.46093,6
0.72046,0.37638,-0.58246,8
0.3443,0.067723,-0.93641,6
-0.4944,-0.86922,0.0053491,8
-0.51202,0.73945,0.4371,9
0.90673,0.052273,-0.41846,5
-0.32181,0.798,0.50955,9
-0.010237,0.49042,-0.87143,6
-0.53748,0.80181,-0.26119,9
0.006114,-0.87327,0.4872,9
0.10631,0.6096,-0.78555,6
-0.18326,0.32103,-0.92917,9
-0.90771,0.4193,-0.015677,8
0.4223,0.67864,-0.60092,9
0.10842,-0.97825,-0.17682,6
0.87207,0.0050864,-0.48936,5
-0.42003,-0.78909,-0.44823,9
-0.22578,0.71676,0.65975,9
0.83496,0.48064,0.26801,9
0.50539,-0.092198,-0.85795,9
-0.34686,-0.6631,0.66331,6
0.024203,-0.84084,0.54074,6
0.031094,0.39993,-0.91602,6
-0.66275,0.096401,-0.74261,6
0.77766,0.61013,-0.15161,8
0.035437,-0.64501,0.76335,9
-0.026321,0.59338,-0.80449,9
0.55628,-0.61281,-0.56127,9
0.29781,0.06292,-0.95255,9
0.3764,0.086379,-0.92242,6
0.086953,-0.80296,-0.58966,6
0.88224,0.13511,-0.451,5
0.67675,0.31314,-0.66629,8
0.89398,0.15488,-0.42048,5
0.48024,-0.039726,-0.87624,9
-0.91951,0.37065,0.13087,8
-0.88737,-0.41694,0.19682,6
0.1217,0.61785,-0.77682,9
-0.3813,-0.76856,0.51373,9
0.83485,0.084285,0.54399,9
0.88822,-0.28484,0.36046,9
-0.52789,0.74176,0.41368,9
0.89252,-0.26674,0.36367,9
-0.161,-0.92889,0.33352,9
-0.94128,0.23531,0.24213,8
0.68298,0.35486,-0.63844,8
0.066158,0.53457,-0.84253,9
-0.64712,-0.69358,0.31651,8
-0.0068571,-0.77397,0.63319,9
-0.85995,0.51027,0.010881,8
0.92009,-0.031804,0.39041,9
0.16179,-0.79631,0.58285,9
0.3892,0.3242,-0.86222,4
0.68799,-0.66022,0.3013,6
-0.067853,-0.86852,0.49098,4
0.78094,0.59434,-0.19205,8
0.036997,0.43667,-0.89886,6
0.36302,0.3692,-0.85552,9
0.16618,-0.024647,0.98579,5
0.87756,-0.13611,-0.45975,5
0.64047,0.31047,-0.70243,8
-0.3852,-0.76146,0.52134,9
0.88926,0.39677,0.22757,4
0.067967,0.21664,-0.97388,6
-0.10668,0.78996,-0.60381,5
0.8761,-0.061218,-0.47823,5
0.37464,-0.74344,-0.55403,9
0.33073,0.050093,-0.9424,6
0.58017,-0.5241,-0.62347,6
0.93797,-0.10902,0.32914,9
0.35149,0.40475,-0.84417,6
-0.52319,0.84898,-0.074198,9
0.034348,-0.98958,-0.13985,9
0.39475,0.71743,-0.57399,9
0.12265,0.41021,-0.9037,6
0.70778,0.41665,-0.57048,8
0.11208,0.7639,-0.63553,6
-0.10455,-0.92464,0.36621,6
0.066605,0.41307,-0.90826,6
0.084947,0.73214,-0.67584,9
-0.086335,-0.9932,-0.078096,4
0.40669,0.67148,-0.61945,9
0.86036,-0.030583,-0.50876,5
0.15587,0.71043,-0.68629,9
0.85294,-0.018633,-0.52167,5
0.14222,-0.80927,-0.56997,6
0.057245,-0.57876,-0.81349,9
0.052431,-0.80626,-0.58923,6
-0.57447,-0.78214,0.24134,9
-0.5164,0.73103,0.44602,4
0.3642,0.16991,-0.91569,9
0.12341,0.56774,-0.8139,9
0.29251,0.44516,-0.84633,9
0.94494,-0.045175,0.32411,6
0.86884,0.1574,-0.46941,5
-0.057464,-0.59842,-0.79912,8
-0.6163,-0.74629,0.25144,9
0.81554,0.075121,-0.5738,6
-0.014851,-0.59587,-0.80294,9
0.036968,-0.96242,0.26905,9
0.39305,-0.904,0.16822,9
-0.92964,0.20678,0.30498,9
-0.22867,-0.43675,-0.87003,9
0.4395,0.10045,-0.89261,9
0.087243,0.59775,-0.79692,6
0.17342,0.73211,-0.65875,6
-0.42535,-0.75661,0.49661,9
-0.080117,0.47543,-0.8761,6
-0.81668,0.57705,-0.0074488,8
0.058114,0.45404,-0.88908,6
-0.072019,0.75128,-0.65604,6
0.95692,-0.057897,0.28452,6
0.84307,0.18686,0.50429,6
0.016562,-0.77463,0.6322,9
-0.52117,0.81779,-0.24414,9
0.46642,-0.055884,-0.88279,4
-0.054298,-0.98806,-0.14417,5
-0.58883,0.086439,-0.80362,9
-0.90551,-0.40259,-0.13407,9
0.91887,-0.1551,0.36278,6
0.85659,-0.058502,-0.51267,5
0.75017,0.6199,0.23013,9
-0.29181,-0.71247,0.63815,6
0.84612,-0.14869,-0.51182,5
0.33256,-0.92367,-0.19036,6
-0.020644,0.53148,-0.84682,6
0.85113,0.30737,-0.42555,6
0.32311,0.43382,-0.84107,6
0.61318,-0.52977,-0.58597,6
0.56427,-0.53433,-0.62937,6
-0.85706,0.51411,-0.033807,8
-0.83623,0.54793,0.022249,8
-0.37837,0.62453,0.68322,9
0.35981,0.64976,-0.66959,9
0.94175,-0.087889,0.32462,6
-0.40169,-0.76629,0.50144,9
-0.54136,0.84003,-0.035782,4
0.91279,-0.36849,-0.17614,9
-0.92572,0.37811,-0.0085899,8
0.66719,-0.70256,0.24753,9
0.78995,0.1591,-0.59217,9
-0.49751,0.8371,-0.22747,6
0.35243,-0.7639,-0.5406,6
0.38622,0.70431,-0.59564,4
0.71222,-0.32062,0.62446,9
0.81746,0.21952,-0.53251,8
0.40351,0.40383,-0.82104,9
0.16382,0.55608,-0.81482,6
0.94948,-0.055727,-0.30883,5
0.84029,0.35012,-0.41392,5
-0.061118,0.52208,-0.85071,6
0.99044,-0.11962,-0.068633,9
0.84203,0.099378,-0.5302,6
0.97596,-0.14046,-0.16663,5
-0.40815,0.5809,0.70426,6
-0.6382,-0.74742,0.1846,9
0.35713,0.86365,-0.35577,9
0.06274,-0.79524,-0.60304,6
-0.91608,0.39379,0.075652,8
0.94225,-0.018484,-0.3344,5
0.57928,0.38325,-0.71941,8
0.94367,-0.066386,0.32417,6
0.93175,-0.056997,0.35861,6
-0.040274,0.43281,-0.90059,9
-0.088127,0.44224,-0.89256,6
0.24348,-0.94479,-0.21929,6
0.51829,-0.61467,-0.59461,9
0.40693,0.36344,-0.83805,6
0.90205,0.24848,-0.35293,8
0.32275,0.39761,-0.85892,9
0.82585,0.55442,0.10293,6
0.089107,0.71064,-0.6979,6
0.93371,-0.1931,0.3015,8
-0.66103,-0.67452,0.32872,4
0.54181,-0.58301,-0.60543,6
-0.71466,-0.26691,0.64654,9
0.4354,0.62452,-0.64839,4
0.33896,0.41952,-0.84209,9
0.46974,0.701,-0.5366,6
0.81902,0.38598,-0.42453,5
0.56824,-0.58286,-0.58085,9
0.076569,-0.78486,-0.61492,9
0.10853,0.69392,-0.71182,9
0.81261,0.53981,-0.2197,8
0.0035816,-0.8237,-0.56702,6
0.93907,-0.059489,0.33854,6
0.62617,0.32461,-0.7089,8
0.45487,-0.073837,-0.88749,4
-0.39519,-0.75204,0.52751,6
-0.53904,0.83579,-0.10438,9
-0.85248,0.51842,0.067179,8
-0.46497,0.80882,-0.36002,9
0.056322,-0.49898,0.86478,8
0.60071,-0.49923,0.62444,6
0.98688,-0.074915,-0.14303,5
0.10706,0.7168,-0.68901,6
-0.033742,0.5099,-0.85957,9
0.95279,-0.098097,0.28735,6
0.35094,0.1373,-0.92628,6
0.71862,0.31313,-0.62091,8
-0.37518,-0.75543,0.53718,9
0.924,-0.2379,0.29939,6
-0.59323,-0.76209,0.2594,9
-0.52353,0.75531,0.39423,9
-0.02432,-0.63878,0.76901,9
0.97822,0.19347,-0.075219,6
-0.097042,0.52572,-0.8451,9
-0.81751,-0.40046,0.4139,9
-0.39445,-0.76205,0.5135,9
0.3563,-0.74551,-0.56327,9
-0.4846,0.76622,0.42198,6
0.979,-0.11473,-0.16853,5
0.60193,-0.51915,-0.60677,6
-0.047628,0.46478,-0.88415,6
0.050886,-0.93379,0.35419,4
0.65375,-0.52669,-0.54334,9
-0.3921,-0.73898,0.54787,4
0.72295,-0.044131,0.68949,6
-0.5842,-0.019912,-0.81136,5
0.96712,0.029363,-0.25262,8
-0.9533,0.19186,0.23325,5
0.9236,0.22124,-0.31307,8
-0.51613,0.81241,-0.2713,9
-0.75474,0.21353,-0.6203,5
0.84249,0.049061,-0.53647,5
-0.49971,0.74983,0.43364,9
-0.84779,0.5139,0.13098,8
0.047728,0.49957,-0.86496,6
0.0042204,-0.29577,0.95525,6
-0.028357,-0.53542,-0.84411,4
0.3591,0.075427,-0.93025,9
0.45729,0.013657,-0.88921,9
0.081556,-0.79649,-0.59913,6
0.80042,0.046078,-0.59766,5
-0.95963,0.27998,0.026774,8
-0.021224,-0.61811,-0.7858,9
-0.86843,-0.2093,0.44947,9
0.47073,-0.026534,-0.88188,6
-0.51496,0.80446,-0.29606,9
-0.041766,0.53167,-0.84592,6
0.85272,-0.33496,0.40083,9
0.36456,-0.7777,-0.51212,6
0.71385,-0.65113,0.25778,6
-0.14239,0.51999,-0.84222,4
0.79615,0.42255,-0.43313,6
-0.89212,0.44772,-0.060619,8
0.13404,-0.76375,-0.63144,6
0.47458,-0.097062,-0.87484,6
0.93913,-0.075868,0.33508,5
0.56116,-0.57105,-0.59916,9
0.34766,0.67197,-0.6539,9
0.82947,0.34305,-0.4408,5
0.43035,0.70344,-0.56566,9
0.9365,-0.091254,0.33859,6
0.91982,-0.075627,0.38499,9
0.16506,0.59617,-0.78571,6
0.10494,0.6295,-0.76988,6
-0.62729,-0.74497,0.227,9
0.44881,-0.024435,-0.89329,6
0.57659,-0.56011,-0.59483,6
0.097041,-0.81642,-0.56925,6
-0.22815,-0.911,0.34355,6
0.54847,-0.52916,-0.64743,9
-0.022694,0.50318,-0.86388,6
-0.95368,0.29768,0.043429,8
0.37277,-0.73588,-0.56527,6
0.10905,0.73041,-0.67424,9
-0.49255,0.80643,-0.32721,9
-0.20614,-0.7496,0.62897,4
0.99653,-0.083058,0.0045927,6
-0.11318,0.5611,-0.81997,4
0.97437,-0.17689,-0.13895,8
0.69829,0.38821,-0.6014,8
0.8186,0.30158,-0.48883,9
0.7105,-0.64148,0.28929,6
-0.44086,0.84969,-0.28926,6
-0.4962,0.81965,-0.28628,9
-0.029344,0.74985,-0.66095,9
0.98182,-0.07732,-0.17335,9
0.15695,-0.49181,0.85644,9
0.55487,-0.83126,-0.033568,9
0.87539,0.36922,-0.31204,9
0.84797,-0.04092,-0.52846,5
-0.62142,-0.69709,0.35763,9
0.029453,-0.76691,0.64108,4
0.34331,0.72079,-0.60216,9
0.98833,0.10057,-0.11441,9
0.73696,-0.6177,0.27449,6
0.72238,-0.63067,0.28359,9
0.09568,0.60979,-0.78677,6
-0.017556,-0.73359,0.67937,9
-0.64696,-0.73281,0.21078,9
0.94295,0.011381,-0.33273,5
0.084597,-0.80947,-0.58104,6
-0.92318,0.26472,0.27868,8
0.89289,-0.31147,0.32518,9
0.85379,0.079727,-0.51448,5
0.45957,-0.88376,-0.088093,5
0.35084,0.41642,-0.83876,9
0.14775,0.61887,-0.77147,6
0.70044,-0.65269,0.28875,9
-0.87716,0.47394,0.077217,8
0.92476,0.0080352,-0.38047,5
0.49215,-0.069615,-0.86772,9
0.8871,-0.22655,0.40216,9
-0.81313,0.58188,0.015572,8
0.94573,-0.096517,0.3103,9
0.98189,-0.1449,-0.12203,6
0.72154,0.33757,-0.60451,8
0.39518,0.14004,-0.90787,6
0.90198,-0.39031,0.18462,8
0.95751,-0.021788,-0.28758,5
0.10244,-0.67258,-0.7329,4
0.37595,0.12139,-0.91865,6
0.37019,-0.7434,-0.55706,9
0.091272,-0.12368,0.98812,6
-0.051729,-0.37719,0.92469,6
0.75775,0.6412,-0.12113,8
-0.51975,0.73485,0.43572,9
0.092492,0.45844,-0.8839,6
0.391,-0.74161,-0.54509,9
-0.51718,0.7929,-0.32222,9
-0.20711,0.84054,-0.50059,6
0.32762,0.71855,0.61348,10
0.25752,0.37928,0.88872,3
-0.039201,-0.30795,-0.9506,1
0.58843,0.80235,-0.099897,1
0.32801,-0.25059,0.91083,3
0.33102,0.94357,0.009548,3
-0.61006,0.18339,0.77084,10
0.56037,0.63615,0.53038,3
-0.57338,-0.53683,-0.61891,1
-0.66847,0.19518,0.71767,3
0.49124,0.79462,-0.35674,3
0.2376,0.347,0.90727,10
0.19803,-0.60317,0.77264,10
0.47402,0.57713,0.66499,1
0.039052,-0.34798,-0.93669,1
-0.12735,-0.64073,0.75713,1
0.072979,0.69278,0.71745,3
0.29891,0.89983,0.31775,3
0.20443,0.84724,0.4903,3
-0.31373,-0.088098,-0.94542,3
0.0030142,0.19401,0.981,3
0.34837,0.93542,0.060268,1
0.57778,0.81596,0.019234,10
0.2286,0.72159,0.6535,1
-0.51051,0.042252,-0.85883,1
-0.2472,-0.26476,-0.93209,3
-0.17766,0.8593,0.47963,1
0.99964,0.02336,-0.013044,10
-0.72968,-0.24609,-0.63797,3
0.1905,0.40271,0.89528,10
-0.19775,-0.24095,-0.95018,10
0.086471,0.42744,0.8999,3
-0.02036,0.6806,0.73237,10
-0.31981,-0.14796,-0.93586,10
0.0078646,0.96569,-0.25958,3
-0.015742,0.44236,0.8967,10
0.013437,-0.03112,-0.99943,1
-0.84897,0.2051,0.48702,1
0.43128,0.72951,0.53086,1
-0.017719,-0.023264,-0.99957,10
0.28481,0.80608,0.51877,3
-0.4836,-0.23853,0.84216,1
0.20036,0.73385,0.64909,3
0.61245,0.78971,-0.035529,1
-0.34558,0.37101,0.86193,3
-0.33573,0.58474,0.73849,10
-0.59947,0.79867,0.052556,1
-0.51678,0.08199,0.85219,1
-0.07977,0.99594,-0.041611,1
0.2528,0.33605,0.90728,3
-0.37418,0.36346,0.85316,3
0.1641,0.72237,0.67176,3
-0.67341,0.55988,0.48276,3
-0.8329,-0.46794,0.29548,10
-0.29084,0.6136,0.7341,10
-0.071596,0.93566,0.34556,10
0.13382,0.32714,0.93545,10
-0.20274,-0.51225,-0.83456,1
0.24785,0.76929,0.58886,3
-0.031089,-0.045164,-0.9985,10
-0.60844,0.27445,0.74464,3
-0.33497,0.23566,0.91228,3
0.09702,0.16629,0.98129,10
-0.053507,0.68293,0.72852,3
0.20663,0.4208,0.8833,3
-0.30475,-0.15985,-0.93892,3
-0.62496,0.12648,0.77034,10
-0.35799,-0.16638,-0.91879,3
-0.61135,0.14924,0.77716,3
0.35307,0.69259,0.62902,1
0.076011,0.79682,-0.59942,1
0.16768,0.90472,0.39163,1
-0.52959,0.016196,0.8481,1
-0.034312,-0.3741,-0.92676,1
-0.35464,0.40309,0.84366,1
0.53015,0.68397,0.50112,3
-0.26712,-0.10324,-0.95812,3
-0.64228,0.19516,0.74121,1
0.084719,0.34974,0.93301,10
-0.22881,-0.27162,-0.93481,10
-0.61923,0.17991,0.76432,3
0.40674,0.76681,0.49655,3
-0.37674,0.59953,0.70614,1
0.3182,-0.2037,0.92588,1
0.042384,0.70021,0.71268,3
0.23156,-0.68694,-0.68883,3
-0.35075,0.61919,0.70255,1
-0.72484,-0.68789,0.037573,10
-0.69081,0.18069,-0.70009,10
0.5066,0.58607,0.63236,1
0.38587,0.91615,0.10851,1
-0.33488,0.28221,0.89901,3
-0.27539,-0.2823,-0.91895,10
0.016402,-0.10926,-0.99388,1
0.31791,0.94558,0.069351,1
-0.014141,0.38935,0.92098,10
0.39866,0.78394,0.47594,10
0.69455,-0.48296,0.53323,3
0.36362,-0.23328,0.90186,3
0.3426,0.93316,0.10883,1
0.058217,0.34572,0.93653,10
-0.64844,-0.74822,0.14035,3
0.52518,0.66535,0.53055,3
-0.38241,-0.036737,-0.92326,10
-0.23856,-0.25975,-0.93575,1
-0.11996,0.67944,0.72386,10
0.099668,0.67211,0.73372,3
0.1354,0.29573,0.94563,10
-0.045697,-0.95364,0.29748,1
0.31771,0.66081,0.68,1
-0.58954,0.10394,0.80102,1
-0.10898,0.81856,0.56399,1
0.10811,0.87072,0.47975,3
-0.56543,0.24363,0.78799,1
0.055781,0.42422,0.90384,3
0.25373,0.6892,0.67869,3
0.44612,0.78281,0.4338,1
-0.4091,0.40629,0.81705,1
-0.16732,0.98192,-0.088573,3
0.025714,0.63379,0.77308,1
0.31481,0.94791,0.048496,1
0.22009,0.89076,0.39763,1
0.18339,0.3941,0.90058,3
0.031157,0.31851,0.94741,10
0.56147,0.82375,0.07866,10
0.060798,-0.33214,-0.94127,1
0.12054,0.63012,0.76708,10
0.30984,0.87764,0.3657,3
-0.57471,0.36314,-0.73338,3
0.16186,0.40305,0.90075,10
0.083381,0.73384,0.67419,1
-0.36751,-0.92855,-0.052266,1
-0.367,0.43965,0.81977,10
-0.49145,0.59157,-0.63916,3
0.040438,0.19262,0.98044,3
0.022178,-0.31212,-0.94978,1
0.028533,0.68098,0.73175,1
0.0068591,-0.31922,-0.94765,1
-0.7212,0.32455,-0.61199,10
-0.24308,-0.24273,-0.93914,1
-0.30567,0.38608,0.87035,1
0.21274,-0.96949,-0.12175,3
-0.26058,0.95836,0.11682,3
0.29787,0.85335,0.42787,3
0.1784,-0.48414,-0.85661,3
-0.61866,-0.23918,-0.74836,1
-0.33852,-0.15298,-0.92844,3
-0.36548,0.34556,0.8643,3
0.17546,0.69536,0.69691,1
0.019772,0.44088,0.89735,10
-0.049154,0.41483,0.90857,3
0.33161,0.94271,0.036359,1
0.37102,0.71387,0.59391,1
0.083253,0.13958,0.9867,10
0.080775,0.38996,0.91728,10
-0.37769,0.33138,0.8646,3
-0.63347,0.17539,0.75363,1
-0.74624,-0.66554,0.013855,10
-0.42944,-0.10135,-0.89739,1
0.065346,0.41346,0.90817,3
-0.57188,0.036292,0.81953,1
-0.58217,0.30411,0.75405,10
-0.103,0.71721,0.6892,1
0.66034,0.072636,-0.74744,3
0.031104,0.14703,0.98864,3
-0.90665,-0.017261,0.42153,3
-0.56541,0.26257,0.7819,1
0.35438,0.71002,0.60851,3
0.2382,0.38705,0.89076,10
0.02065,-0.33638,-0.9415,1
0.29402,0.86356,0.40966,10
-0.36367,0.25647,0.89553,1
-0.37496,-0.78097,-0.49949,10
-0.019603,0.67906,-0.73382,1
0.35908,-0.30572,0.88182,1
-0.68949,0.71198,0.13297,10
0.17714,0.83814,0.51589,3
-0.33034,0.62336,0.70873,1
-0.20883,-0.2667,-0.94088,3
-0.13205,0.85954,0.49371,10
-0.57421,0.060377,0.81648,10
0.069179,-0.3031,-0.95044,1
0.42582,0.76898,0.47681,10
0.51933,0.70017,0.48995,3
-0.3264,0.59759,0.73235,3
-0.7871,-0.18039,-0.58986,1
0.32494,0.81607,0.47796,10
-0.17865,0.85167,0.49269,10
0.064967,0.37063,0.9265,10
-0.0044473,-0.041449,-0.99913,10
-0.19763,0.87562,0.44072,1
0.47795,0.55963,0.67704,3
-0.33596,0.24969,0.90817,1
0.26472,0.88449,0.38419,1
0.35101,0.93601,0.025894,1
-0.62644,0.21759,0.74849,10
-0.051167,0.69834,0.71393,10
0.026226,-0.4003,-0.91601,1
-0.39116,0.35899,0.84742,1
-0.11096,-0.60363,0.7895,1
0.53582,0.67026,0.51347,3
0.6021,0.79787,0.029534,10
0.053274,0.80657,0.58873,10
-0.01444,0.702,0.71203,10
-0.014147,0.032956,-0.99936,10
-0.36037,0.36139,0.85996,1
-0.10869,0.031808,0.99357,1
-0.2976,0.71045,-0.63773,10
-0.60172,-0.42353,-0.67717,3
-0.18246,0.86867,0.46057,1
-0.31193,-0.22531,-0.923,10
0.25506,0.82402,0.5059,3
0.38983,0.92031,0.032641,10
0.311,0.69291,0.65051,3
0.34879,0.70295,0.61985,10
0.3301,0.93991,0.087212,1
-0.32668,-0.87153,-0.36566,3
-0.59754,0.16598,0.78447,1
-0.5887,0.22864,0.77534,10
-0.31449,-0.17301,-0.93336,3
0.053735,0.41044,0.9103,10
0.078689,0.40944,0.90894,3
-0.3651,-0.92891,-0.061933,1
0.067699,0.16548,0.98389,10
-0.34259,0.64355,0.68445,3
-0.33411,-0.93812,-0.091085,10
-0.080661,0.65184,0.75406,3
-0.34793,0.23351,0.90798,3
0.069003,0.70836,0.70248,10
-0.28152,0.2479,0.92698,10
0.24827,0.87889,0.40733,3
0.13821,0.7104,0.69009,3
-0.21164,0.034512,-0.97674,1
-0.51305,0.24009,0.82409,10
0.053842,0.24693,0.96754,10
-0.32759,0.36229,0.8726,1
-0.8123,-0.068972,-0.57914,1
-0.5846,0.19317,0.78799,10
0.14119,0.38186,0.91337,10
-0.37377,0.19275,0.90727,3
0.28677,-0.24811,0.92531,1
-0.22642,0.88005,0.41744,10
-0.60051,-0.40218,0.69112,10
-0.75123,-0.65702,0.063142,3
0.19749,0.39338,0.89791,3
0.56225,0.64971,0.51161,10
-0.55593,0.08151,0.82722,3
-0.90844,-0.28683,-0.30409,1
-0.58848,0.070031,0.80547,3
0.27424,0.89283,0.35728,1
-0.41044,-0.9104,-0.052094,10
-0.3567,0.27836,0.89179,1
-0.28521,-0.22853,-0.93082,3
0.47547,0.74514,0.46764,1
0.096422,0.47055,0.87709,10
-0.41318,-0.83422,-0.36518,3
0.60586,0.06346,0.79304,1
0.536,0.53249,0.6551,3
-0.32437,0.56852,0.75602,1
0.093118,0.19403,0.97657,10
-0.0062901,0.94136,0.33735,1
-0.55989,0.060381,0.82637,10
0.034357,-0.32657,-0.94455,1
0.036563,0.42188,0.90591,10
0.74176,0.10935,0.66169,3
-0.042814,0.7285,0.6837,3
-0.34793,0.19309,0.91742,1
-0.22264,-0.22559,-0.94844,1
-0.27779,0.64314,0.71359,10
-0.40808,0.22733,0.88419,3
-0.27487,-0.43322,0.85835,1
-0.3937,-0.91856,-0.035318,1
0.016314,0.918,0.39625,3
-0.46536,0.88189,-0.07551,1
0.045873,0.1186,0.99188,10
0.11775,0.89978,0.42015,1
-0.82601,-0.36031,-0.43346,10
-0.0083838,0.010834,-0.99991,1
-0.77597,-0.30898,-0.54991,3
0.88598,-0.3705,-0.27886,3
-0.32815,-0.19945,-0.92333,3
-0.22564,-0.31621,-0.92146,10
-0.54009,0.097803,0.83591,1
0.41428,0.77301,0.48045,3
-0.054752,0.74384,0.66611,1
0.62631,-0.0040941,-0.77957,10
-0.083433,0.9537,-0.28896,3
-0.78274,-0.44681,-0.43322,10
0.025845,0.16798,0.98545,3
-0.35506,-0.93087,-0.086129,10
0.41667,0.5816,0.69866,3
0.073436,0.091556,-0.99309,1
0.42364,0.7631,0.48807,3
0.15621,0.85709,0.49091,3
-0.36523,0.30496,0.87955,1
0.070632,0.42164,0.90401,10
0.26631,0.39536,0.87907,3
0.27392,0.82112,0.50073,3
0.2059,0.68289,0.7009,3
-0.66198,0.70299,0.25999,1
0.47232,0.78071,0.40915,1
0.29681,0.9529,0.062401,1
0.055611,0.68725,0.72429,10
-0.89903,-0.11125,-0.42353,10
0.033938,0.40225,0.9149,10
0.33217,0.6218,0.70924,1
0.086228,0.31447,0.94534,3
-0.54166,0.037934,0.83974,10
0.38721,0.72871,0.56485,1
-0.35866,0.21675,0.90796,1
0.33498,0.43713,0.83469,1
0.15471,0.31057,0.93788,3
0.55313,0.6993,0.45281,3
-0.72965,0.35259,0.58591,1
0.020198,-0.27694,-0.96067,1
0.17124,0.87206,0.45847,10
-0.42281,-0.67076,-0.60935,1
0.38257,0.77962,0.49582,10
0.098782,0.41097,0.90628,3
-0.20166,0.85326,0.48092,10
0.28324,0.81351,0.50792,1
-0.38902,-0.91629,-0.095219,1
0.08889,-0.065073,-0.99391,1
0.34195,0.72229,0.60114,10
-0.49605,0.033723,0.86764,3
0.52434,0.50319,0.68692,3
-0.19127,0.85981,0.47344,1
-0.45257,-0.77707,-0.43742,10
-0.010578,-0.0086838,-0.99991,10
0.58857,0.80538,0.070315,10
-0.3217,0.24482,0.91464,1
-0.61857,0.76257,0.18939,1
0.29537,0.80941,0.50756,1
-0.20807,-0.29308,-0.93317,3
0.44449,0.55685,0.70167,1
0.056341,0.14731,0.98748,10
0.50687,0.53397,0.67673,1
0.29535,0.95538,-0.004309,3
0.92546,0.31032,0.2173,3
0.27594,0.32785,0.90353,3
-0.34082,0.21836,0.91442,3
0.63445,0.77201,0.038407,3
0.41777,0.79901,0.4325,10
-0.50928,-0.44954,0.73385,3
-0.56404,0.068002,0.82295,1
-0.025668,-0.41729,-0.90841,10
0.62592,0.77435,0.092807,1
0.072847,0.1828,0.98045,10
0.61089,0.7898,0.054996,10
0.17984,0.40675,0.89566,3
0.16174,0.44395,0.88133,3
0.051854,0.39145,0.91874,3
0.33788,0.68324,0.64731,1
0.85703,-0.27998,-0.43256,10
-0.54495,0.27652,0.79156,10
0.27683,0.86414,0.42027,1
-0.33916,-0.93925,-0.052751,1
0.065939,0.40237,0.9131,3
0.1674,0.35114,0.92124,3
0.10155,0.34,0.93493,10
-0.56281,0.22508,0.79535,1
-0.34225,-0.22108,-0.91323,1
-0.36109,-0.10039,-0.92711,10
0.40846,0.75294,0.516,3
-0.71234,-0.69722,0.080355,10
0.29016,0.84536,0.44853,1
0.57663,0.81701,0.00089027,1
0.13167,0.85765,0.4971,10
-0.37888,-0.84484,-0.37775,1
0.27453,0.36932,0.88783,10
-0.3888,-0.44793,0.8051,3
0.12787,0.67038,0.73092,1
0.02505,0.1857,0.98229,10
0.48631,0.58232,0.65147,1
0.00033936,-0.32901,-0.94433,1
-0.32221,0.42353,0.84664,10
0.79068,-0.37255,0.48582,3
0.068607,0.72027,0.69029,3
0.24634,0.81502,0.52446,3
0.055412,0.179,0.98229,3
-0.71364,-0.53677,-0.45011,10
0.59946,0.64432,0.47487,1
0.24309,0.80081,0.54737,10
-0.57823,0.24757,0.77741,3
0.47937,0.50501,0.71776,3
0.88223,-0.45814,-0.10849,1
0.029709,-0.017928,-0.9994,10
0.42024,0.77789,0.46721,10
0.26702,0.80491,0.52992,3
-0.31466,0.63895,0.70195,10
-0.34964,0.35087,0.8687,10
-0.011535,-0.072315,-0.99732,10
-0.11165,-0.99362,0.015834,10
-0.038122,-0.59015,0.80639,1
0.075668,0.0045222,-0.99712,10
0.96002,-0.27923,0.019794,1
-0.52541,-0.50412,-0.68542,3
-0.37318,-0.92711,-0.034734,1
0.088715,0.71769,0.69068,3
0.57271,0.66906,0.47366,10
0.51497,0.68357,0.51724,3
0.22483,0.83272,0.506,1
0.062528,-0.36911,-0.92728,1
0.32147,-0.22692,0.91933,1
-0.069842,0.69559,0.71504,10
-0.37991,0.27917,0.88189,10
0.34064,0.70597,0.62094,10
-0.19397,-0.39061,0.89989,10
-0.37966,0.40066,0.83386,1
0.18159,0.73194,0.65673,1
-0.34739,-0.8414,-0.41397,10
-0.56441,0.23453,0.79148,10
0.05638,0.19214,0.97975,10
0.60414,-0.59577,0.52921,10
0.30363,0.79777,0.52094,1
0.43703,0.76016,0.48079,10
0.18855,0.43713,0.87941,3
-0.097236,0.9932,0.064051,3
-0.16197,0.86683,0.47157,10
0.27141,0.95856,0.086599,3
0.16808,0.97939,-0.11197,10
0.43368,0.77888,0.45308,10
0.10234,0.31883,0.94227,10
0.20501,0.71268,0.67086,3
0.039808,0.0032296,-0.9992,10
-0.61305,-0.011027,0.78997,10
0.4691,0.63813,0.61052,10
-0.83855,0.27191,-0.47211,3
-0.13718,0.83962,0.52556,10
0.27735,-0.27677,0.92004,10
0.1803,0.8854,0.42844,3
-0.71467,-0.69879,-0.030706,10
0.26815,-0.32086,0.90837,3
0.044451,0.95551,0.29159,3
-0.25173,-0.25754,-0.9329,1
-0.60134,0.18136,0.77814,10
0.16954,0.86088,0.47974,3
-0.34601,0.53855,0.76827,1
-0.20828,0.86293,0.4604,1
0.56546,0.66362,0.48975,10
0.53495,-0.44802,0.71631,10
-0.014451,0.19989,-0.97971,10
0.10819,-0.34095,-0.93383,1
0.040977,0.1796,0.98289,3
-0.65776,0.09895,0.7467,10
-0.17826,0.82756,0.53232,1
0.20857,0.71936,0.66259,1
0.080573,0.65316,0.75292,10
-0.043945,0.78979,0.6118,10
0.23634,0.84836,0.47374,3
0.20546,0.601,0.77239,1
-0.85273,-0.19678,-0.48388,3
-0.027102,0.71739,0.69615,10
-0.44516,-0.17985,-0.8772,10
0.5902,0.80597,0.0456,10
-0.59174,0.14559,0.79288,1
0.0375,0.031997,-0.99878,1
0.022805,-0.056114,-0.99816,10
-0.84549,-0.50877,0.16217,1
0.17833,0.46998,0.86448,1
0.00034957,-0.010849,-0.99994,10
0.64107,0.58104,0.50142,1
0.31401,0.73181,0.60486,1
-0.0016429,-0.021269,-0.99977,3
-0.38342,-0.86769,-0.31641,3
-0.6126,0.19332,0.76639,1
0.56393,0.8257,0.014401,10
-0.26235,-0.24315,-0.93384,10
-0.016782,-0.32832,-0.94442,1
-0.56324,0.20173,0.80129,3
0.09245,0.6891,0.71874,3
0.58835,0.80846,0.01518,10
-0.35804,0.33088,0.87312,3
0.011622,0.021673,-0.9997,3
-0.29523,-0.2662,-0.91759,3
0.04668,0.16585,0.98505,3
-0.69639,0.17045,0.69712,3
0.24604,0.36399,0.89832,10
0.44979,0.763,0.46425,10
-0.36161,0.3791,0.85178,1
-0.0056573,0.34299,0.93932,10
-0.31753,-0.18611,-0.92981,3
-0.19284,0.84869,0.49248,1
0.31188,0.78261,0.53875,1
0.5114,0.55124,0.65924,1
-0.16209,0.87994,0.44657,1
0.0058211,0.78829,0.61527,1
-0.29589,-0.13079,-0.94623,3
-0.30651,0.28308,0.9088,1
-0.35586,-0.93358,-0.042351,1
0.2893,0.35105,0.89055,1
0.067828,0.75216,0.65549,10
-0.29887,0.20774,0.93141,10
-0.38173,-0.92278,-0.052544,1
-0.12608,0.77837,0.61501,10
-0.35578,0.58612,0.72793,10
-0.74046,-0.43255,0.51441,1
0.22964,-0.62956,0.74224,1
0.27983,0.857,0.43272,3
0.18195,0.81995,0.54274,10
0.59116,0.8064,-0.015753,3
-0.058983,0.70821,0.70353,10
-0.30972,0.62193,0.71922,1
0.34688,0.9348,0.076361,1
0.22612,0.86385,0.45015,3
0.097633,0.8868,0.45172,1
0.047943,0.20426,0.97774,10
-0.3441,-0.93627,-0.070701,1
-0.15275,0.085602,-0.98455,3
-0.51736,0.27926,0.80892,3
0.27075,0.78856,0.55215,3
0.58518,0.67642,0.44725,3
0.54961,0.66904,0.50031,10
0.10607,0.35652,0.92825,10
0.1181,0.34129,0.93251,10
-0.071249,-0.33375,-0.93997,1
0.47626,0.56814,0.67111,1
-0.32332,-0.17712,-0.92957,10
0.27124,0.84345,0.4637,1
-0.74664,0.37895,-0.54674,1
0.45444,0.74702,0.48523,10
0.34996,0.79936,0.48841,3
0.46469,0.55799,0.68754,1
-0.36325,-0.2016,-0.90962,3
-0.3712,-0.56179,0.73933,1
-0.010343,-0.31066,-0.95046,1
0.046739,0.44169,0.89595,10
-0.072183,-0.59559,0.80004,1
0.3631,0.92759,0.087989,1
-0.0232,0.74003,0.67218,10
0.35368,0.6628,0.66001,1
0.54261,0.67323,0.50234,3
-0.36119,-0.92981,-0.070744,1
0.053721,0.73417,0.67684,3
-0.036082,0.70588,0.70741,10
-0.38943,-0.91844,-0.069348,1
-0.031758,0.87486,0.48333,3
0.54509,0.83803,0.024233,10
0.021193,0.84703,0.53112,10
-0.33008,-0.18306,-0.92603,10
0.33583,-0.28425,0.89801,1
0.1515,0.89355,0.42264,1
-0.53782,0.30684,0.78524,10
-0.084749,0.73568,0.67201,3
-0.58475,0.26923,0.76523,10
-0.5741,0.23061,0.78564,1
-0.29158,0.59093,0.75219,1
0.51724,0.85407,0.055097,1
0.050381,-0.96244,-0.26679,10
-0.373,-0.92431,-0.080738,1
0.25615,0.36429,0.89536,3
0.2368,0.67286,0.70084,3
-0.35564,-0.93278,-0.058732,1
0.88397,0.35695,0.30196,3
-0.55396,0.054101,0.83078,1
0.86702,-0.49527,0.054682,3
0.007524,-0.2202,-0.97543,3
0.31498,0.75617,0.57358,1
0.014661,-0.35104,-0.93624,1
-0.26537,-0.14946,-0.95249,1
0.65137,0.62024,0.43706,1
0.049004,-0.035667,-0.99816,10
-0.38054,0.37789,0.84403,3
0.11338,0.32761,0.93799,10
-0.34503,-0.18766,-0.91964,3
0.29241,-0.17711,0.93975,10
0.32564,0.8608,0.39113,1
0.50055,0.56863,0.65277,1
0.34327,0.93892,-0.024519,10
0.38858,0.91906,0.065788,1
-0.080905,0.96065,0.26571,10
0.081866,0.69908,0.71035,10
0.55747,0.66178,0.50127,3
0.084983,0.25766,0.96249,10
0.13537,0.88571,0.44406,10
0.018968,0.8871,0.4612,3
0.21269,0.72543,0.65461,1
-0.46203,-0.78599,-0.4108,3
-0.27304,-0.25883,-0.92653,10
-0.35654,-0.13463,-0.92453,3
0.052222,0.28943,0.95577,10
0.29597,-0.22211,0.92901,1
-0.60066,0.19603,0.7751,3
-0.10943,-0.9461,-0.30482,10
-0.095027,0.69677,0.71097,10
0.21457,0.87685,0.43022,3
-0.45265,0.88437,0.11398,10
-0.34422,-0.93133,-0.11893,3
0.1025,0.32962,0.93853,3
-0.012982,-0.94166,0.33631,1
0.5865,0.80943,0.029149,10
0.19429,0.74831,0.63426,1
-0.53353,0.25687,0.80583,1
-0.35998,-0.9328,-0.017027,1
-0.54148,0.05795,0.83872,3
0.26162,0.86834,0.42136,3
-0.0030522,-0.36835,-0.92968,1
0.26941,0.86165,0.4301,1
0.039972,0.97317,0.22659,3
0.24814,0.73693,0.62878,1
0.55377,0.67067,0.4935,10
0.55432,0.8323,-0.0040171,1
0.40364,-0.23781,0.88347,10
0.54685,0.65684,0.51916,3
0.43198,0.74995,0.50097,10
-0.55239,0.25346,0.79412,10
-0.10342,-0.17703,-0.97876,1
-0.32806,-0.1212,-0.93685,3
-0.35488,0.6022,0.71513,10
0.064412,0.31393,0.94726,10
0.25314,0.85635,0.45009,10
-0.31497,-0.94822,-0.040947,3
-0.045028,0.90783,0.41691,3
0.27099,0.87305,0.4054,3
0.2493,0.71476,0.65342,10
-0.38006,0.21901,0.89866,1
-0.40201,0.65846,-0.63625,3
0.44897,0.52665,0.72185,10
0.30722,0.95123,0.027861,10
-0.5726,0.080573,0.81586,1
-0.25784,-0.26874,-0.92806,1
0.32261,-0.26603,0.90838,1
-0.87962,0.0827,-0.46843,3
-0.34065,0.59697,0.72635,10
-0.063602,0.7228,0.68813,10
0.5093,0.75854,0.40649,10
0.16898,0.86627,0.47013,1
0.25888,0.8625,0.43482,1
0.30868,0.94167,0.13405,3
0.063339,0.70015,0.71118,10
-0.035389,0.69331,0.71977,10
0.52935,0.5636,0.63414,10
0.65781,0.13644,0.74073,1
-0.30212,0.34993,0.88672,1
-0.68435,0.23877,0.68896,10
-0.63865,0.14627,0.75546,1
-0.55159,-0.53371,0.64102,3
0.16385,0.8808,0.44424,1
-0.23849,0.86162,0.44802,10
-0.31693,-0.94574,-0.071568,3
0.0029086,0.13827,0.99039,1
0.8266,-0.50637,0.24561,10
-0.75233,-0.33754,0.56574,1
-0.74197,0.49365,0.45365,1
0.49182,0.52275,0.69631,10
0.35131,0.73964,0.57404,1
0.035433,0.22146,0.97453,3
0.57608,0.64945,0.49634,10
-0.71858,0.092646,0.68925,10
0.21874,0.69854,0.68131,1
0.34678,-0.25821,0.9017,3
0.18974,0.375,0.9074,10
-0.64459,0.37163,-0.66813,1
0.4093,0.79048,0.45566,10
0.48532,0.568,0.66471,1
-0.047563,0.70685,0.70577,3
0.5448,0.67887,0.49228,3
0.3067,0.94722,0.093342,3
0.2883,0.81837,0.49715,1
0.28723,0.79431,0.53532,3
-0.23454,0.63585,0.73531,1
-0.33419,0.39134,0.85742,3
0.78678,0.27363,0.55327,1
0.5065,-0.3571,0.78482,10
0.044574,-0.99874,0.023203,3
0.61621,0.74023,-0.26897,10
0.39262,-0.79717,0.45866,1
0.218,0.75579,0.61746,10
-0.30461,0.25888,0.91662,1
0.43412,0.80619,0.40199,3
0.20012,0.40594,0.89172,10
0.19797,0.70226,0.68384,3
0.032963,0.46869,0.88275,10
0.0015434,-0.0021931,-1,3
-0.42969,-0.81883,-0.38064,10
0.40324,-0.1043,-0.90913,1
0.069165,0.43867,0.89598,10
0.45864,0.58487,0.66901,3
-0.33854,0.60915,0.71717,10
0.016312,0.00094914,-0.99987,3
-0.42778,0.3197,0.84546,10
-0.34383,0.26186,0.90178,10
0.33214,0.70798,0.62326,10
0.53282,0.84514,-0.042954,1
-0.004257,0.72267,0.69118,10
0.023574,0.37938,0.92494,10
0.23303,0.37328,0.89798,10
0.23291,0.70603,0.66879,3
0.33045,0.94229,0.053826,1
0.21744,0.71457,0.66491,1
0.42305,0.62165,0.65922,3
-0.69607,-0.53258,-0.4815,10
0.46752,0.76409,0.44452,10
0.072796,0.61548,0.78479,10
0.089043,0.37019,0.92468,10
-0.33746,-0.17126,-0.92563,3
-0.79341,-0.57243,0.20696,1
0.11,0.72405,0.68092,10
-0.32436,0.61079,0.7223,1
-0.0034172,0.48132,0.87654,10
-0.077509,0.71097,0.69893,3
-0.46745,-0.79832,-0.37971,10
0.36972,0.69664,0.61482,10
-0.75925,0.11458,-0.64063,10
0.54843,0.66461,0.50746,10
0.41573,0.6891,0.59355,3
0.29042,0.87398,0.38962,3
0.26222,0.83501,0.48373,3
0.20323,0.86258,0.4633,3
0.16145,0.74614,0.64592,1
-0.33446,0.33774,0.87981,10
0.54802,0.83469,0.054504,1
-0.19447,0.83797,0.50989,10
-0.18835,0.85474,0.48368,3
-0.31181,0.60517,0.7325,10
0.3824,0.80364,0.45599,1
-0.58519,0.045753,0.8096,1
-0.5997,0.24366,0.76222,1
-0.36207,0.23614,0.90174,3
0.48441,0.6074,0.62961,3
0.10442,0.30186,0.94761,10
0.14376,0.86606,0.47883,3
-0.39607,0.33916,0.85329,10
0.48348,0.54487,0.6851,1
-0.084251,-0.62701,0.77444,1
-0.33903,-0.94035,-0.028414,1
-0.57479,0.214,0.78982,10
0.039053,0.72096,0.69187,3
-0.46894,0.30405,0.82925,3
0.085333,0.22587,0.97041,10
0.048222,0.18704,0.98117,3
0.45676,0.73046,0.50773,1
-0.43048,0.37077,0.82293,10
-0.32963,0.82802,-0.45356,1
-0.25541,-0.28521,-0.92381,1
0.71033,0.68291,0.17048,1
0.39042,0.67844,0.62232,1
-0.040691,-0.018998,-0.99899,3
-0.55756,0.040099,0.82917,10
0.1145,0.38239,0.91688,10
0.49248,0.55495,0.67045,1
0.21278,-0.57901,-0.78707,10
-0.32525,-0.16624,-0.9309,3
-0.23316,0.83407,0.49996,1
-0.15413,-0.66022,-0.73509,1
0.21481,0.38066,0.89942,10
-0.62492,0.19583,0.75573,3
-0.41572,0.34904,0.83985,10
0.21939,0.4,0.88987,3
0.060022,0.49302,0.86794,10
-0.24896,-0.30379,-0.91964,3
0.18652,-0.25775,-0.94804,3
0.53762,0.64671,0.54104,1
0.069438,0.20108,0.97711,10
0.43316,0.76959,0.46915,10
-0.3383,0.30665,0.88967,1
-0.63637,-0.49446,-0.59206,3
0.067783,0.98748,-0.14242,3
0.084485,0.293,0.95237,10
-0.51126,0.20253,0.83522,3
-0.66213,-0.42576,-0.6167,10
0.18691,0.85748,0.47936,10
-0.38148,0.24402,0.89159,10
0.10138,0.4415,0.89152,1
-0.39583,0.31651,0.86206,3
-0.43908,-0.83401,-0.33411,3
-0.90976,0.059378,0.41086,10
0.46689,0.53983,0.70043,10
0.46651,0.57026,0.67614,3
0.32048,0.849,0.4201,1
0.1766,0.85051,0.49543,10
-0.55439,0.23736,0.79769,3
0.20815,0.79832,0.56512,10
-0.38507,-0.18407,0.90434,10
0.58151,0.8061,0.10973,10
0.34371,0.9379,0.047003,1
-0.28411,-0.16968,-0.94366,3
0.075266,0.67745,0.73171,10
0.76472,-0.55144,-0.33335,1
-0.35093,0.56856,0.74403,3
-0.60716,0.2144,0.76511,1
-0.25908,0.84152,0.47405,1
0.16925,0.42242,0.89046,10
-0.2172,0.82009,0.52941,1
0.073795,0.70269,0.70766,3
0.56168,0.82645,0.038795,10
0.32632,0.70014,0.63508,1
0.081495,0.70778,0.70172,10
0.3018,-0.26666,0.91532,10
0.63476,-0.65761,0.40574,3
-0.62392,0.16052,0.76483,3
0.083274,0.9606,-0.26518,10
0.46984,0.59311,0.65381,1
0.31574,0.80391,0.50402,3
0.44893,0.57348,0.68526,1
-0.21083,0.8429,0.49505,1
-0.046146,0.71522,0.69738,10
0.13503,0.41838,0.89818,10
-0.33187,-0.82255,-0.46181,10
0.19634,0.6586,0.72643,3
0.2647,0.35086,0.89824,3
0.56885,0.82186,-0.031005,10
0.37304,0.92781,0.0030667,1
-0.37365,-0.92526,-0.065391,1
0.45499,0.61137,0.64747,1
0.026314,0.20376,0.97867,10
0.28364,0.82976,0.48067,3
-0.59395,-0.21196,0.77608,1
-0.83329,-0.30057,0.46399,10
0.33885,0.78762,0.51463,3
-0.40247,0.3767,0.83433,1
0.15534,-0.92918,0.33541,1
0.26552,-0.21081,0.94078,10
-0.041847,0.84681,0.53025,10
0.17996,0.86553,0.46741,1
-0.41057,-0.90821,-0.08118,3
-0.3016,-0.18198,-0.93591,10
0.12038,0.3125,0.94226,10
0.1892,0.41587,0.88952,10
-0.53406,0.21116,0.81865,10
-0.78551,-0.081793,0.61342,1
0.054042,0.71061,0.70151,3
-0.16992,0.84361,0.50936,10
-0.026267,0.00025816,-0.99965,3
-0.56485,0.053173,0.82348,10
-0.30744,-0.20137,-0.93002,3
-0.80705,0.37088,-0.45947,1
0.49305,0.34626,0.79813,1
0.3003,0.83323,0.46427,1
-0.28414,-0.20371,-0.93689,3
-0.04319,0.66544,0.7452,1
0.16743,0.38091,0.90933,10
-0.2484,-0.2201,-0.94332,3
-0.079581,0.67803,0.73071,10
0.082655,-0.62406,0.77699,1
0.37113,-0.52326,-0.76712,1
0.60375,0.79715,0.0063805,1
-0.57861,0.17386,0.79686,1
0.46646,0.86942,-0.16288,10
0.27067,0.85377,0.44477,3
0.57034,0.82093,0.027963,10
-0.27275,-0.31202,-0.91008,10
0.13703,0.35218,0.92585,3
0.33431,0.94003,0.067677,1
-0.20628,0.51633,0.83118,1
0.71766,0.29188,0.63228,3
-0.17661,0.89279,0.41442,1
0.27195,0.81359,0.51392,1
-0.36527,0.66232,0.65415,1
-0.3232,0.2231,0.91966,1
0.31103,0.71343,0.62791,10
-0.24403,-0.27355,-0.93039,1
0.27105,0.96184,0.037287,3
0.3549,0.82912,0.43197,3
-0.38813,-0.92158,-0.0061523,10
0.12985,0.87537,0.4657,3
0.24116,0.89477,0.37581,10
0.94454,0.32767,0.021715,10
0.52398,0.85173,0.0031374,10
0.36149,0.93134,0.044014,1
-0.52277,0.052297,0.85087,3
-0.34258,0.24296,0.90753,1
-0.062047,-0.55858,0.82713,1
0.22513,-0.15306,-0.96223,3
-0.22406,-0.2501,-0.94194,3
-0.32433,0.19766,0.92506,1
0.12414,0.83856,0.53047,1
-0.38429,-0.22822,-0.89456,3
0.83713,-0.44157,-0.32285,1
0.57799,0.81523,0.036458,10
0.010721,-0.32955,-0.94408,3
-0.64767,0.23321,0.72535,3
0.0079371,-0.33795,-0.94113,1
0.15117,0.87597,0.45807,1
0.34096,0.71173,0.61416,10
-0.37704,0.57202,0.72845,1
0.099126,0.85705,0.50561,1
-0.49442,-0.051452,0.8677,3
0.41685,0.549,0.72446,10
-0.85833,0.17742,-0.48144,1
0.06676,0.46017,0.88532,10
0.017609,-0.32522,-0.94547,1
-0.35067,0.24764,0.90317,10
0.0051538,0.22197,0.97504,10
0.11567,0.69289,0.7117,3
0.57864,0.81512,0.027474,3
0.82726,0.51252,0.23015,1
0.039845,-0.30131,-0.95269,1
-0.56375,0.28814,0.77406,3
0.15853,0.86801,0.47055,10
-0.23303,-0.28917,-0.92848,3
-0.60512,0.046068,0.7948,1
0.31131,0.53875,0.78284,1
0.2215,0.3625,0.90528,10
0.339,-0.23563,0.9108,10
-0.5535,0.18281,0.81254,10
-0.32638,0.26142,0.90837,3
0.19091,0.87279,0.44922,3
-0.18174,-0.27597,-0.94383,10
0.064812,-0.26016,-0.96339,1
-0.03188,-0.34492,-0.93809,1
0.30463,0.81712,0.4894,1
0.33904,0.93899,0.057935,1
0.4547,0.81592,0.35711,1
0.55614,0.67836,0.48014,3
-0.38126,-0.80573,-0.45325,1
0.39929,-0.89156,-0.21376,1
0.091919,0.33009,0.93946,3
0.53995,0.69046,0.48137,10
-0.079087,0.80642,0.58602,10
0.010698,-0.013993,-0.99984,3
-0.71931,-0.45611,-0.52398,10
-0.15894,0.85615,0.49167,10
-0.65262,0.16711,0.73903,3
-0.59025,0.21049,0.77929,3
-0.36748,-0.92431,-0.10306,1
-0.53881,0.23635,0.80859,1
0.0071713,-0.301,-0.9536,1
-0.36933,0.35478,0.85891,1
0.11535,0.28137,0.95264,10
0.19821,0.72288,0.66194,1
0.098729,0.70444,0.70286,1
0.062435,-0.55336,0.8306,1
-0.43092,-0.88155,0.19282,1
-0.67816,0.13299,0.72278,3
0.21263,0.1948,0.95752,10
-0.58255,0.011175,0.81272,10
-0.38503,-0.14442,-0.91153,3
-0.30452,0.23322,0.92351,10
-0.69192,-0.33984,-0.63699,3
0.36564,0.67768,0.63802,1
-0.043081,0.019341,-0.99888,10
-0.56242,0.10065,0.8207,10
-0.37931,0.34857,0.8571,10
-0.38279,-0.17883,-0.90636,3
-0.93639,-0.17405,0.30476,10
-0.98038,-0.19375,-0.036147,1
-0.30421,-0.29903,-0.90445,1
0.015517,0.70484,0.7092,10
-0.049767,-0.66562,0.74463,10
0.23055,0.42663,0.87454,1
-0.69532,0.64639,-0.3142,10
-0.18382,-0.87224,-0.45322,10
0.51185,-0.55509,0.65565,10
0.15042,0.84568,0.51205,3
0.33995,0.6991,0.62904,10
0.22055,0.73602,0.64002,3
0.052387,0.66699,0.74322,1
0.23798,0.36124,0.90159,10
0.61377,0.68739,0.38832,1
0.28274,0.71347,0.64111,1
0.30739,-0.24115,0.92052,3
0.026659,-0.36994,-0.92867,3
0.58993,0.62366,0.51287,1
0.18642,0.71573,0.67303,1
-0.08691,-0.84154,0.53316,1
-0.0023521,0.1687,0.98566,10
0.075275,0.33177,0.94035,10
-0.13307,0.87644,0.46275,1
-0.84634,-0.089212,0.52512,1
-0.22367,0.85104,0.47509,10
0.17467,0.7661,0.61853,10
0.3148,-0.60672,-0.72992,3
0.63125,0.77558,0.00095446,1
-0.93369,-0.33779,0.11884,1
-0.0059187,-0.34527,-0.93848,1
-0.01745,-0.28022,-0.95978,10
-0.55049,0.21965,0.80543,3
0.060013,0.21901,0.97388,10
-0.3319,0.6032,0.72525,3
0.3456,-0.20957,0.91468,1
-0.55712,0.018413,0.83023,3
-0.5393,0.075825,0.83869,1
-0.016202,0.98637,-0.16373,3
-0.73738,-0.52653,-0.42314,10
0.13835,0.92076,0.36478,1
0.2415,0.87111,0.42761,1
0.36477,0.9289,0.064004,1
-0.61105,0.17095,0.77291,10
-0.5532,0.066832,0.83036,10
-0.76082,-0.64881,-0.014006,10
-0.73277,-0.49702,-0.46478,10
0.57363,0.81743,0.052407,1
0.25231,-0.24836,0.93523,1
0.43847,0.5938,0.67464,1
-0.98885,-0.14493,0.034199,1
-0.55632,-0.029978,0.83042,3
-0.027225,-0.68348,0.72946,1
-0.070014,-0.0050837,-0.99753,3
-0.63373,-0.65504,-0.41148,2
-0.043636,-0.8978,0.43825,4
-0.64913,-0.69988,-0.29798,2
0.16327,-0.64609,0.7456,4
0.86175,0.46983,0.19146,4
0.047221,-0.94235,0.33128,4
-0.71681,-0.6221,0.31493,2
-0.062863,-0.6438,0.76261,4
-0.53679,0.84352,0.018454,4
-0.72784,-0.65924,-0.18884,7
-0.50872,0.85998,0.040463,4
0.14519,-0.68051,0.71821,7
-0.2716,-0.77214,-0.57448,7
-0.24821,0.2484,-0.93632,2
-0.77587,-0.58558,-0.23479,2
0.087663,-0.93373,0.34709,4
-0.72734,-0.68564,-0.029484,7
-0.24017,-0.77716,0.58167,4
0.60407,-0.31623,-0.7315,7
-0.9788,-0.15918,0.12891,7
-0.62815,-0.71536,-0.30607,7
0.38169,0.69416,-0.6103,4
-0.69687,-0.56976,-0.43559,2
0.45347,-0.89102,0.021117,4
0.39499,-0.91608,-0.069134,4
-0.73554,-0.67649,-0.036734,7
-0.6564,-0.72615,-0.20456,2
-0.88945,-0.45223,-0.066053,2
0.29246,-0.95551,0.038241,4
-0.58841,-0.78308,0.20138,4
0.15558,-0.59446,0.78893,4
-0.38369,0.31973,-0.86635,7
-0.096119,-0.88206,0.46123,4
-0.64858,-0.64607,-0.40242,2
0.63742,-0.77011,-0.025115,2
-0.49079,0.41291,-0.76722,2
0.61807,-0.30496,-0.72456,7
-0.79601,-0.57434,-0.19104,2
0.33473,-0.93686,0.10125,4
-0.69111,-0.62136,-0.36915,2
-0.82559,-0.55304,-0.11198,7
0.42521,-0.90272,-0.065466,4
-0.47744,-0.86392,0.16028,4
0.60757,-0.34132,-0.71719,7
-0.70794,-0.67035,-0.22238,7
0.6202,-0.77878,-0.094111,7
-0.080241,-0.8895,0.44983,2
0.05511,0.93496,-0.35046,7
0.59815,-0.79036,0.13248,7
0.86582,0.42584,0.2627,4
0.37916,0.21182,0.90076,4
-0.23271,-0.056479,0.97091,4
-0.70767,-0.57957,-0.4041,2
-0.73338,-0.6254,-0.26651,7
-0.59159,-0.75604,-0.28004,2
0.55781,-0.82236,-0.11208,2
0.19268,-0.5643,0.80277,4
-0.55713,-0.78279,0.27722,7
-0.57785,0.4619,-0.67286,4
-0.74233,-0.66789,-0.053558,7
-0.71557,-0.62542,-0.31115,2
-0.52155,0.29255,-0.8015,7
-0.28872,-0.94785,-0.135,2
-0.74331,-0.63125,-0.2214,7
-0.54057,0.71852,0.43762,4
0.1451,0.14874,-0.97817,7
-0.83338,-0.52394,-0.17596,2
0.39457,-0.91886,-0.0024006,4
-0.71701,-0.59941,-0.3558,2
-0.79666,-0.56412,-0.21705,2
0.24901,0.35587,0.90075,7
-0.13575,-0.3197,0.93774,4
-0.1799,0.070111,0.98118,4
0.90113,-0.061369,0.42918,7
-0.68325,-0.50461,-0.52776,2
-0.55477,-0.80848,-0.19644,2
-0.76164,-0.52463,-0.38036,7
0.84571,0.48374,0.22534,2
-0.6723,-0.65369,-0.34742,7
-0.79335,-0.52279,-0.3119,7
-0.21945,-0.16617,0.96137,7
-0.71992,-0.65566,-0.22765,7
-0.054613,-0.61821,0.78411,4
-0.76293,-0.64104,-0.083707,2
-0.72915,-0.68433,0.0060383,2
-0.72996,-0.64515,-0.22569,7
-0.6294,-0.63493,-0.44801,2
0.9851,-0.10164,-0.13872,2
-0.66037,-0.56005,-0.50026,7
0.31173,-0.94502,0.098797,2
0.59057,-0.80623,-0.034902,7
-0.90398,-0.42743,0.010973,2
0.33816,0.69305,-0.63666,4
-0.62219,-0.65465,-0.42932,2
-0.078653,-0.87828,0.47163,4
0.95139,-0.023729,0.30708,4
0.42971,-0.90218,-0.03764,4
-0.54803,0.7863,-0.2853,4
-0.6776,-0.60557,-0.4173,2
-0.64294,-0.70157,-0.30729,2
0.31668,0.91559,-0.24781,7
-0.93652,-0.35013,-0.01873,2
-0.49183,-0.85513,0.16385,4
-0.80496,-0.55914,-0.1985,2
0.91071,-0.32665,0.25281,7
-0.43739,-0.80856,-0.39359,7
-0.65121,-0.65851,-0.37722,7
0.3979,0.68853,-0.6063,4
-0.6504,-0.70361,-0.2862,2
-0.70308,-0.62012,-0.34804,2
0.31519,0.68679,-0.65496,4
-0.89568,-0.43989,-0.065295,2
-0.52127,0.85322,-0.017007,4
-0.89175,-0.44301,-0.092356,2
-0.66273,-0.68452,0.30367,4
0.21362,-0.17942,0.9603,4
0.11216,-0.63328,0.76575,4
-0.017255,-0.7561,0.65423,2
-0.89436,-0.44492,-0.046559,2
-0.8057,-0.5461,-0.2294,2
-0.69649,-0.59998,-0.39361,7
0.84236,0.50072,0.19924,4
0.41782,-0.90821,0.024344,4
0.71215,-0.64521,-0.27667,4
0.61146,-0.7872,-0.080239,4
-0.2859,-0.77861,0.5586,4
-0.90157,-0.42903,-0.055677,2
-0.69364,-0.59368,-0.40793,7
-0.010728,-0.62382,0.78149,4
-0.62998,-0.59897,-0.49433,2
-0.198,-0.95026,0.2404,2
-0.68434,-0.63703,-0.35479,7
-0.69955,-0.70907,-0.088628,7
-0.73394,-0.6015,-0.31548,7
0.61971,-0.25605,-0.74189,4
-0.68529,-0.6508,-0.32687,2
-0.73366,-0.61489,-0.28924,4
0.15176,-0.83163,0.53419,4
-0.68538,-0.72205,-0.094299,7
0.53582,-0.32794,-0.77804,2
0.28801,-0.88036,0.37685,7
-0.81358,-0.54219,-0.21006,2
-0.84659,-0.46388,-0.26095,2
-0.29795,-0.73905,0.60417,4
0.59191,0.12885,-0.79563,7
0.14555,-0.63632,0.75757,4
-0.060555,-0.88265,0.46611,4
0.22245,-0.28912,0.93109,4
-0.90062,-0.42324,-0.098749,2
-0.42896,-0.80549,-0.40888,7
-0.035634,-0.77734,0.62808,7
-0.9179,-0.3961,-0.023691,2
-0.050916,-0.87434,0.48264,4
-0.036119,-0.98486,0.16956,7
-0.029304,-0.64261,0.76564,4
-0.87123,-0.49026,-0.024631,7
0.015167,-0.06827,0.99755,4
0.57175,-0.80605,0.15292,2
0.5981,-0.078228,0.79759,4
-0.73763,-0.66527,-0.11542,2
-0.27869,-0.51863,0.80831,4
-0.73947,-0.62818,-0.24201,2
-0.72219,-0.60137,-0.34175,7
-0.6219,-0.66482,-0.41383,2
0.13021,-0.65517,0.74418,4
-0.54353,0.70415,0.45688,4
0.032732,0.90119,-0.43218,7
0.35044,0.70291,-0.61896,2
0.57108,-0.32033,-0.75581,7
-0.53209,0.84667,-0.0056959,4
0.7314,-0.3668,-0.5749,9
-0.56809,-0.79412,0.21598,4
-0.64631,-0.74362,-0.17119,7
0.1582,0.96647,-0.20228,4
-0.44935,-0.81478,-0.36636,4
0.30624,0.29428,0.90533,7
0.1193,-0.57138,0.81197,4
0.24614,0.37148,0.89522,2
-0.40906,-0.90145,-0.14162,2
-0.88894,-0.45787,-0.011846,2
-0.58165,-0.66589,-0.46721,2
-0.70908,-0.67709,-0.19687,4
-0.026711,-0.99931,-0.02563,7
0.17235,-0.66482,0.72685,4
0.5809,0.48936,0.65045,7
0.28101,-0.95957,-0.016149,4
-0.64828,-0.7209,-0.24503,2
0.84895,0.50637,0.15121,4
-0.13935,0.48009,0.86608,4
0.66258,-0.74841,-0.029437,4
0.0615,-0.95114,0.30258,4
-0.75001,-0.58744,-0.30395,7
-0.076112,-0.060656,-0.99525,7
-0.49544,-0.84509,0.2009,2
-0.043211,0.058432,-0.99736,7
-0.63596,-0.71735,0.28455,2
0.25856,-0.96599,-0.0013461,7
-0.63449,-0.73495,-0.2393,2
0.62641,-0.77817,-0.045389,7
0.97374,-0.088923,0.20956,4
-0.78395,-0.61822,-0.056729,7
-0.87403,-0.40874,-0.26268,7
-0.50177,-0.64519,-0.57616,7
0.0095556,-0.79077,0.61204,2
-0.72474,-0.6873,-0.048649,2
0.34297,-0.93786,-0.052726,4
-0.49403,0.86936,0.012225,4
-0.84354,-0.5195,-0.13623,2
0.6106,-0.35941,-0.70569,7
-0.6627,-0.74679,-0.055981,7
-0.73376,-0.67892,-0.02567,7
-0.62608,-0.69644,-0.35071,7
-0.61066,-0.72022,-0.32922,2
0.32677,0.36867,0.87023,2
-0.71938,-0.6816,-0.13383,2
0.81438,-0.17744,-0.55254,7
0.8281,-0.22165,-0.5149,2
-0.66771,-0.74438,-0.0074809,2
-0.65566,-0.71808,-0.23339,2
-0.69156,-0.63922,-0.33637,2
-0.5281,-0.83641,0.14673,4
-0.72215,-0.65854,-0.21173,7
0.5951,-0.33697,-0.72959,7
-0.7239,-0.68974,-0.014938,2
-0.86723,0.32492,-0.37728,2
0.38313,-0.42125,-0.82205,4
0.86893,0.45894,0.18529,2
-0.75766,-0.64192,-0.11784,2
0.094746,-0.79936,0.59334,4
-0.6875,-0.72341,-0.063386,7
0.9676,-0.22061,0.12281,7
-0.89223,-0.44495,-0.077039,2
0.85439,0.47861,0.20235,4
-0.7035,-0.70266,-0.1066,2
-0.7287,-0.59626,-0.33685,7
0.97898,0.033712,-0.20117,7
0.53417,0.4412,0.72111,7
-0.49192,0.15391,-0.85693,4
-0.60766,-0.63824,-0.47266,2
0.047551,-0.76573,0.6414,4
0.36999,-0.92725,-0.057631,4
0.001445,-0.64132,0.76727,4
-0.037439,-0.96945,0.24241,7
-0.63237,-0.67653,-0.37739,2
0.15205,0.94003,-0.30532,2
-0.64297,-0.70627,-0.29628,2
0.28401,-0.39404,-0.87411,2
-0.60947,-0.79192,-0.037684,4
-0.63768,-0.74057,-0.21195,7
0.60996,-0.79097,-0.048036,7
-0.60535,-0.77184,0.19446,2
0.37283,-0.26796,0.88837,7
0.87538,0.45414,0.16573,2
-0.48464,-0.86467,0.1322,4
0.35989,0.68562,-0.63278,4
-0.049083,-0.6367,-0.76955,7
-0.71917,0.62743,0.29855,4
-0.79806,-0.57924,-0.16606,7
-0.02807,-0.63236,0.77417,7
0.31957,0.71541,-0.62134,4
0.60193,-0.78521,0.14535,7
-0.02222,-0.52331,0.85185,2
-0.5999,-0.78032,0.17672,2
0.86898,-0.28342,0.40565,7
0.38664,-0.92168,-0.031808,2
-0.61455,-0.67669,-0.40548,2
0.64047,-0.76033,0.10819,4
-0.13203,-0.17369,0.97591,4
-0.68812,-0.58779,-0.42543,2
0.35651,-0.93413,-0.017497,4
-0.59104,-0.77606,0.21998,4
0.8765,0.44385,0.18642,4
-0.55708,-0.69601,-0.45303,7
0.39909,-0.9167,-0.019379,2
-0.77997,-0.61963,-0.087776,7
-0.069952,0.54314,-0.83672,4
-0.7384,-0.66846,-0.089036,2
-0.60737,-0.73339,-0.30533,2
-0.71102,-0.70315,-0.0050189,2
-0.74172,-0.61868,-0.25899,7
0.30594,-0.95087,0.047445,4
-0.67156,-0.67107,0.31411,2
0.3873,-0.85073,0.35532,7
0.0863,-0.80876,0.58177,4
-0.70397,-0.70019,-0.11903,7
-0.49736,-0.85235,0.16165,4
-0.92335,-0.37937,-0.059209,7
-0.66856,-0.64468,-0.37069,2
0.070754,-0.75824,0.64813,2
0.064629,-0.97039,0.23275,4
-0.64556,-0.71484,-0.26882,2
0.86636,0.47578,0.15186,7
-0.063136,-0.89363,0.44435,4
-0.068371,-0.8843,0.46188,4
0.55219,-0.26955,-0.78894,4
0.63563,-0.76727,-0.085249,7
-0.93138,0.13094,0.33967,4
-0.67871,-0.64538,0.35048,4
-0.63306,-0.70384,-0.32225,2
-0.76356,-0.63173,-0.13373,2
-0.44039,-0.80117,-0.40519,7
0.90219,0.35852,-0.23982,4
0.59734,-0.73282,-0.32582,7
0.89628,0.4023,0.18667,4
-0.50692,0.75737,0.41162,4
-0.75855,-0.64242,-0.10912,2
0.38444,-0.18856,0.90369,4
-0.75308,-0.5639,-0.33895,2
0.21134,0.44778,0.86881,2
-0.71801,-0.69239,-0.071132,7
-0.61564,-0.76745,-0.17891,7
0.29276,-0.95576,0.028419,2
-0.092312,-0.86846,0.48708,4
-0.7278,-0.6282,-0.27509,7
-0.72433,-0.14696,0.67361,2
-0.50072,-0.85113,0.15767,4
0.3351,-0.93193,0.13861,7
0.096916,-0.64875,0.7548,4
-0.78786,-0.56675,-0.24098,2
-0.69455,-0.64054,-0.32757,2
0.2842,-0.95837,0.027606,4
0.91569,0.16225,0.36767,4
-0.4305,-0.75721,-0.49124,4
0.42667,0.86326,-0.26968,2
0.64027,-0.36949,-0.67345,2
0.8808,0.42801,0.20249,7
-0.69795,-0.58427,-0.41412,7
-0.78991,-0.49852,-0.35711,2
0.028605,-0.57418,-0.81823,2
0.090509,0.91305,0.39768,7
-0.78727,0.27675,-0.55102,4
-0.41719,0.24646,-0.87476,7
-0.63733,-0.66074,-0.39654,2
-0.56034,-0.64654,-0.51769,4
0.8624,0.46332,0.20395,4
0.60033,-0.32724,-0.72974,7
-0.6865,-0.71383,-0.13844,4
0.10774,-0.8161,0.56778,4
-0.25528,0.75866,0.59939,2
-0.76329,-0.63496,-0.11923,2
-0.48399,0.75115,0.44892,4
-0.77014,-0.6167,-0.16297,2
0.22318,0.3354,0.91526,2
-0.65576,-0.69542,-0.29389,2
-0.77167,-0.53498,-0.34397,2
-0.56849,-0.32399,-0.75621,4
-0.99342,-0.04617,-0.10483,4
-0.53399,0.73033,0.426,4
-0.12349,-0.55218,0.82453,2
-0.63569,-0.76723,-0.08515,4
-0.96419,0.085653,-0.251,7
0.49886,-0.58725,-0.63739,2
0.59553,-0.32523,-0.73456,7
0.0069617,-0.62418,-0.78125,2
-0.66136,-0.71664,-0.22143,2
-0.38809,-0.82264,-0.41551,4
-0.43491,-0.80624,-0.40104,7
0.90247,-0.43065,-0.0095165,4
-0.69493,-0.71854,0.027858,7
0.063454,-0.73632,0.67365,2
0.20818,-0.66788,0.71456,4
0.30511,-0.29579,0.90522,7
-0.88156,-0.46479,-0.082634,7
-0.10556,0.72864,-0.67671,4
-0.96888,0.13888,0.20489,7
0.61683,-0.78398,-0.069999,7
-0.26695,0.35123,-0.89743,4
0.37913,0.68826,-0.61851,4
0.38938,0.68205,-0.61902,4
0.61643,-0.77218,0.15413,2
-0.66619,-0.69036,-0.28214,2
-0.67189,-0.69956,-0.24328,2
-0.81874,-0.48434,-0.30836,7
-0.1074,-0.079575,0.99103,4
-0.72626,-0.60371,-0.32877,7
-0.011035,-0.60562,0.79568,4
-0.38882,-0.77849,0.49272,4
0.40907,-0.56064,0.71997,7
-0.4907,-0.85335,0.17609,7
-0.71604,-0.63758,-0.2842,7
-0.89202,-0.43476,-0.1236,2
-0.24913,-0.79906,0.54721,4
-0.1746,0.97744,0.11885,4
-0.46341,0.8136,0.35114,4
-0.79676,-0.55991,-0.22733,2
-0.64564,-0.72292,0.24605,4
0.017982,-0.6075,-0.79411,2
-0.72464,-0.58282,-0.36772,2
-0.74535,-0.65307,-0.134,2
0.41172,0.6508,-0.63792,2
0.27399,0.26543,0.92438,4
-0.31091,0.95016,0.022982,7
-0.86921,-0.4886,-0.075844,2
-0.4277,0.69281,0.58059,7
-0.81567,0.15083,-0.55851,4
-0.74883,-0.55165,-0.36733,2
-0.60693,-0.67183,-0.42459,2
0.13092,0.77538,0.61777,7
-0.3284,0.92816,0.17513,4
0.16438,0.76408,-0.62382,4
0.58397,-0.28424,-0.76039,2
-0.025613,-0.1567,0.98731,4
0.6505,0.28921,0.70229,7
-0.60166,-0.77094,0.20894,4
-0.71451,-0.6146,-0.33428,2
0.23234,-0.9725,0.016007,2
0.39394,-0.91872,-0.027499,4
-0.78943,-0.57203,-0.22267,2
-0.91615,-0.38921,-0.095811,2
0.41269,-0.91049,-0.026438,4
-0.26537,0.2221,-0.93822,4
-0.81497,-0.51842,-0.25898,2
-0.72926,-0.64083,-0.23983,7
0.27727,-0.95989,0.04152,7
-0.9828,0.060358,0.17452,7
-0.65241,-0.69355,-0.30552,2
-0.71605,-0.55476,-0.42369,4
0.88513,-0.30615,0.35045,7
0.81437,-0.29654,-0.49887,2
-0.68785,-0.66962,-0.28014,2
0.087853,-0.84007,0.53532,4
0.81931,-0.033974,0.57234,7
-0.018674,-0.5742,-0.8185,7
-0.48082,-0.87196,0.092152,4
-0.81691,-0.52783,-0.2325,2
-0.50253,0.73839,0.44972,2
-0.58022,-0.8027,-0.13789,4
-0.54981,0.74001,0.38743,4
0.38948,0.66939,-0.63264,4
0.86619,0.073251,-0.49432,4
-0.84142,-0.53971,0.026873,4
-0.82268,-0.56027,0.096419,7
-0.2527,-0.35397,-0.90047,7
0.13065,-0.64073,0.75657,4
0.85326,0.49006,0.17831,4
-0.71425,-0.69049,-0.11437,2
-0.91563,-0.19143,-0.35352,7
0.6331,-0.70447,0.32079,2
-0.56813,-0.74572,-0.34803,2
0.60884,-0.79054,-0.066061,7
0.87272,0.43131,0.22874,4
-0.58746,-0.68205,-0.43554,2
-0.73939,-0.61532,-0.27327,2
-0.60439,0.26794,-0.75029,4
-0.85406,-0.39468,-0.33884,2
-0.82067,-0.44831,-0.35427,2
-0.26451,-0.77448,0.57464,4
0.030985,-0.95557,0.29313,4
0.89904,-0.2686,0.34581,7
-0.52633,0.7286,0.43831,2
0.54555,-0.080583,-0.8342,7
0.40104,-0.75515,-0.51857,4
-0.17171,-0.79204,-0.58583,7
-0.29508,0.9489,-0.11186,7
-0.72038,-0.64799,-0.24729,7
-0.65853,-0.62411,-0.4205,2
-0.50552,-0.85117,0.14132,2
0.61997,-0.78232,-0.060126,7
0.36209,0.05864,0.9303,4
0.087028,0.69841,-0.71038,4
-0.66475,-0.68305,-0.30256,2
-0.70512,-0.69172,-0.15601,2
0.30299,-0.95249,0.030954,4
-0.4518,-0.87925,0.15102,7
-0.54804,0.7279,0.41208,4
-0.52242,0.73691,0.42899,4
-0.48912,-0.7765,-0.39725,2
-0.66887,-0.70756,-0.22795,2
0.59624,-0.79903,-0.077776,7
-0.34576,-0.38243,-0.85685,2
-0.55415,0.82984,-0.065422,4
0.022649,-0.60038,0.79939,4
0.67451,-0.73539,-0.065149,4
0.59133,-0.79179,0.15296,7
-0.76744,-0.63271,-0.10352,2
-0.96035,0.078416,0.26754,4
0.89584,0.42192,0.13945,7
-0.85406,-0.48473,-0.18874,7
0.86439,-0.25029,0.4361,4
-0.78389,-0.58399,-0.2109,2
-0.62804,-0.75033,0.20634,2
0.60441,-0.32988,-0.72517,7
-0.5991,0.18202,-0.77971,2
0.0096282,0.05942,-0.99819,7
-0.73493,-0.59238,-0.3301,2
0.010101,-0.55179,-0.83392,7
-0.46391,0.88587,0.0049409,4
-0.031599,-0.61773,0.78575,4
-0.93547,-0.3447,-0.077923,2
0.59078,-0.35224,-0.72588,2
-0.51989,0.70704,0.47938,4
-0.21121,0.35469,-0.91081,4
-0.34186,-0.76414,0.54702,4
-0.76658,-0.55922,-0.31565,2
-0.7011,-0.58603,-0.40623,7
-0.6602,-0.7043,-0.26096,2
-0.5594,0.82822,-0.033613,4
-0.29999,0.054355,0.95239,4
0.14873,-0.98691,-0.062336,7
0.65136,-0.75518,-0.073678,7
0.5877,-0.79912,-0.12656,2
0.89893,-0.26099,0.35186,7
-0.79519,-0.56945,-0.20832,2
0.8867,0.42998,0.16996,4
-0.89706,-0.4346,-0.079992,2
0.00071673,0.99708,-0.076407,7
-0.73679,-0.64429,-0.20504,7
-0.2711,-0.75442,0.59779,4
0.57399,-0.81637,-0.063795,7
0.61216,-0.78242,-0.11434,7
0.60142,-0.79303,-0.096953,7
-0.41272,0.74463,0.52458,2
0.67907,-0.032606,-0.73335,4
-0.55147,-0.77862,-0.29938,7
0.86118,0.34849,-0.37003,7
-0.77514,-0.62099,-0.11631,4
-0.7801,-0.59553,-0.1918,2
0.38607,-0.91564,0.11203,4
-0.54958,0.83536,-0.011897,4
-0.016963,-0.6478,0.76162,4
-0.86833,-0.44667,-0.21561,7
0.86829,0.44845,0.21206,2
0.060633,-0.81181,0.58077,4
-0.91701,0.021294,-0.39829,4
-0.056166,-0.88734,0.45768,4
-0.70258,-0.58894,-0.39941,7
-0.62862,-0.66375,-0.40531,2
-0.45467,-0.85767,0.24018,7
-0.80287,-0.55629,-0.21432,2
0.59528,-0.80141,-0.058117,7
-0.60846,-0.7646,0.21254,4
-0.24212,-0.76028,0.60279,4
0.039,-0.74678,0.66392,4
0.59546,-0.78959,0.14827,4
-0.044698,-0.63414,0.77193,4
-0.6855,-0.56281,-0.46188,7
-0.73391,-0.67909,-0.014633,7
0.86499,0.49119,0.10258,4
-0.73134,-0.63166,-0.2572,7
-0.75339,-0.51256,0.41193,7
0.41666,-0.90366,-0.098925,4
0.024455,-0.73232,0.68052,7
0.49609,-0.066594,0.86572,4
-0.074308,0.29338,0.9531,7
-0.7141,-0.58241,-0.38841,7
-0.72894,-0.087024,-0.67902,4
-0.040836,-0.6507,0.75824,4
-0.62008,-0.12749,-0.77411,4
0.60261,-0.29845,-0.74013,7
-0.4265,-0.81192,-0.3986,7
-0.83482,-0.5005,-0.2293,7
-0.50981,-0.845,0.16143,4
-0.67047,-0.71184,-0.20918,2
-0.53199,0.84515,-0.052048,4
-0.61597,-0.75731,0.21695,2
0.3137,-0.94174,0.12134,7
-0.20096,0.18476,-0.96202,4
0.32879,0.32793,0.88564,7
-0.9064,-0.41482,-0.079799,7
0.06208,-0.98638,0.15234,2
-0.83231,0.31349,0.45715,7
-0.36058,0.15896,-0.91908,7
-0.67325,0.50162,-0.54324,2
0.49694,-0.047802,-0.86647,2
0.35217,-0.91143,0.21276,7
0.40755,-0.91195,-0.04741,4
0.32592,-0.93868,0.11248,2
-0.57138,-0.70759,-0.41575,2
0.016871,-0.9295,0.36843,4
0.93259,-0.3552,-0.064105,7
-0.89626,0.21007,-0.39061,7
0.36745,0.70577,-0.60569,2
0.24494,0.6369,0.731,7
0.29433,-0.95548,0.020419,4
0.18183,-0.98332,0.0035926,7
0.016671,-0.76527,0.64349,4
0.37484,0.74406,-0.55305,2
0.019809,-0.6006,-0.7993,2
0.37639,0.68214,-0.62691,4
-0.99225,0.083645,-0.091938,4
-0.092246,-0.91892,-0.38351,4
0.31972,-0.33401,0.88669,4
-0.804,0.42584,0.41503,4
-0.71934,-0.56597,-0.40277,7
0.13065,-0.74325,0.65613,7
0.8695,0.45266,0.19766,2
0.10767,-0.6874,0.71825,4
-0.69717,-0.67488,-0.24184,2
0.34279,-0.16402,0.92498,4
-0.79305,-0.53863,-0.28452,7
-0.071268,-0.90717,0.41468,4
-0.7541,-0.60636,-0.2523,2
0.58076,-0.38419,-0.71771,2
-0.69392,-0.63336,-0.34254,2
-0.61274,-0.76307,0.20559,2
0.021027,-0.97674,0.21341,2
-0.73839,-0.57295,-0.35569,7
0.059853,0.69457,-0.71693,4
-0.76514,-0.41638,-0.49112,2
0.37168,-0.92776,-0.033333,4
0.047932,-0.95141,0.30418,4
0.28417,-0.95872,0.0098811,4
-0.66239,-0.71226,-0.23222,2
-0.063907,-0.87809,0.4742,4
-0.99325,-0.047784,0.10573,4
-0.63582,-0.71617,-0.2878,2
-0.72063,-0.64149,-0.26303,7
-0.64416,0.45602,0.61409,4
-0.76817,-0.60203,-0.21788,2
-0.14865,-0.97597,-0.15934,4
-0.6214,-0.73109,-0.28173,2
0.066058,-0.94014,0.33434,4
-0.82735,-0.52255,-0.20597,2
-0.81542,-0.55547,-0.1629,2
-0.70349,-0.62959,-0.32972,2
-0.67125,-0.40811,0.61876,2
-0.73946,-0.5813,-0.33953,7
-0.9239,-0.36152,-0.12537,2
-0.65209,-0.686,0.32278,4
-0.88211,-0.4587,-0.10713,2
-0.15293,-0.97665,0.15088,7
-0.70857,-0.65684,-0.25785,7
-0.33362,-0.73106,0.59519,4
0.63176,-0.77242,-0.065156,7
0.68771,-0.62752,0.36506,4
0.32738,-0.93834,-0.11104,4
-0.49998,-0.8496,0.16794,4
-0.65352,-0.69131,0.30822,2
-0.70162,-0.6423,-0.30851,2
-0.62007,-0.76601,0.16953,2
-0.81107,-0.58447,-0.023823,7
-0.68945,0.70548,-0.16417,2
0.59339,-0.80491,-0.0015802,4
-0.65647,-0.66901,-0.34853,2
0.14068,0.9555,0.2593,7
-0.60505,-0.76519,0.22001,4
-0.51184,-0.84004,0.17985,2
-0.69434,-0.71161,-0.10729,7
-0.947,-0.025833,-0.32019,2
0.26885,-0.96292,0.022219,2
-0.67656,-0.71701,-0.16782,2
0.33229,-0.94317,0.0046312,4
-0.35652,-0.78146,0.51207,4
-0.61373,-0.68823,-0.38688,2
-0.71295,-0.69469,-0.095478,2
-0.60625,-0.65825,-0.44628,2
0.33744,-0.93451,0.11328,2
-0.0051685,-0.64859,-0.76112,7
-0.79771,-0.54877,-0.25,2
-0.68451,-0.64461,-0.34049,2
0.3202,-0.94698,0.026539,4
-0.64874,-0.75157,-0.11952,4
0.46046,0.66739,-0.58529,4
-0.26845,-0.86587,0.42214,2
-0.79151,-0.60153,-0.10802,2
-0.68242,-0.61586,-0.39373,2
-0.66172,-0.70979,-0.2415,2
-0.91083,-0.40879,-0.057332,7
0.65872,-0.74541,-0.10226,7
0.11992,-0.64756,0.75252,4
0.53337,0.055892,0.84403,7
-0.74077,-0.6713,-0.024661,7
-0.74986,-0.66074,-0.033819,7
-0.5138,0.74573,0.42414,4
-0.272,-0.79051,0.54874,4
0.58352,-0.33309,-0.74064,7
0.24636,0.30504,0.91992,2
-0.63873,-0.64167,-0.4246,2
0.023495,-0.76249,0.64658,4
-0.99892,0.036266,-0.029202,2
0.061044,-0.63197,-0.77259,7
-0.40835,-0.82247,-0.39597,2
-0.75088,-0.65001,-0.1169,2
0.67177,-0.1374,0.72791,2
0.90542,-0.24283,0.34821,7
-0.88061,0.13094,0.45539,2
0.36845,-0.92552,-0.087521,4
0.9892,0.12346,0.079039,4
0.29094,-0.93388,0.20789,4
0.59027,-0.31514,-0.74315,7
-0.60833,-0.76187,-0.22246,2
0.63297,-0.090923,-0.76882,2
-0.82075,0.10869,0.56085,4
0.11684,-0.80282,0.58466,4
-0.032266,-0.87928,0.47521,4
0.33832,-0.93284,0.12387,2
-0.75178,-0.65183,-0.099758,2
0.61335,-0.32212,-0.72114,7
0.85615,0.4552,0.24455,2
-0.90403,-0.4266,-0.027158,7
0.70267,-0.081968,-0.70677,4
-0.48811,0.87263,-0.016514,4
-0.77711,0.37524,0.50527,7
-0.73469,-0.66072,-0.15388,2
0.32232,-0.9442,0.067829,4
-0.75346,-0.5975,-0.27441,2
-0.77346,-0.4921,-0.39949,2
0.30622,-0.95186,0.013897,7
0.43832,-0.89876,-0.0098362,4
0.33683,-0.92706,0.16466,4
-0.58649,0.80858,-0.04727,4
-0.80735,-0.58552,-0.073111,7
0.20309,-0.97714,0.062914,2
-0.89595,-0.43816,-0.07274,2
-0.79327,-0.24398,0.55784,4
0.58049,-0.80902,-0.092295,4
-0.64307,-0.70301,0.30372,2
-0.6669,-0.58944,-0.45586,2
-0.17757,0.92791,-0.3278,7
0.14154,-0.6481,0.74829,4
-0.31587,-0.78054,0.53943,4
-0.62647,-0.67125,-0.39618,2
-0.16314,0.98654,0.010844,7
-0.039369,-0.88823,0.45771,4
0.65725,-0.31853,-0.68305,2
-0.70664,-0.5994,-0.376,2
0.36832,0.7212,-0.58669,2
0.086604,-0.60978,-0.78783,4
-0.022005,-0.82333,0.56714,4
-0.088916,-0.65924,0.74666,4
-0.67926,-0.69755,-0.2281,2
0.081939,-0.67092,0.73699,4
-0.71299,-0.65903,-0.23943,7
0.86432,0.47116,0.17596,2
0.87639,-0.29813,0.37822,4
-0.67204,-0.73213,-0.11114,2
0.59814,-0.58759,-0.54495,2
-0.37735,-0.91022,0.17062,2
0.12916,0.29925,-0.94539,4
0.12657,-0.78308,0.60891,4
-0.6993,-0.70563,-0.11429,7
0.4123,-0.69684,-0.58688,4
0.13728,-0.57868,-0.80392,4
0.032259,-0.61533,-0.78761,2
-0.44629,-0.59072,-0.67222,2
-0.51652,0.85626,0.0058445,4
0.58172,-0.79075,0.19058,4
-0.59696,-0.69039,-0.40865,2
-0.7542,-0.63833,-0.15404,2
0.37484,-0.92708,-0.0041941,7
-0.57219,-0.78409,-0.24042,7
0.64438,-0.763,-0.050984,7
-0.89264,-0.34207,0.29355,4
0.25133,-0.83974,0.48132,4
0.036285,-0.77823,0.62693,4
0.91494,-0.26798,0.30179,7
-0.038827,0.77182,-0.63466,4
0.58889,-0.79506,0.14524,7
-0.66539,-0.74121,-0.088692,2
0.59539,-0.78669,0.16318,7
-0.26539,-0.78156,0.56456,4
-0.69406,0.56278,-0.44895,2
-0.75315,-0.62816,-0.1954,2
0.59559,-0.79044,0.14311,7
-0.50734,0.86164,-0.013333,4
-0.68803,-0.6593,-0.30323,2
-0.41371,0.73015,-0.54381,4
0.35559,-0.93026,0.090386,4
-0.46619,0.88389,-0.037576,4
-0.81668,-0.54599,-0.18691,2
0.69941,0.046656,0.71319,7
0.77797,0.030316,0.62757,7
0.62536,-0.32983,-0.7072,2
-0.70914,0.45799,0.53607,2
-0.59577,-0.76774,0.23588,7
0.65004,-0.74583,-0.14553,7
-0.77172,-0.63565,0.019874,7
-0.49387,-0.70545,-0.50836,7
0.26989,0.71777,-0.64184,4
0.12573,-0.67042,0.73125,7
0.3626,-0.92107,0.14194,4
0.03435,-0.75842,0.65086,4
0.63436,-0.76502,-0.11107,2
0.38702,-0.92175,0.02416,7
0.0035194,-0.60684,-0.79482,4
-0.7777,-0.57095,-0.26305,2
-0.43647,-0.79488,-0.4215,2
0.41305,-0.91069,-0.0064138,4
0.30166,0.40264,0.86422,7
-0.49316,-0.85628,0.15358,4
0.33193,-0.93595,0.11757,2
-0.18198,-0.79313,0.58123,4
0.096192,-0.95925,0.26568,4
0.42459,-0.77896,-0.46145,4
0.02144,-0.75693,0.65314,4
-0.27427,-0.77349,0.57139,4
0.51904,-0.0551,-0.85297,4
-0.59086,-0.70883,-0.38528,7
-0.74656,-0.58157,-0.32315,7
-0.25617,-0.77643,0.57579,4
-0.69442,-0.70936,-0.12078,7
0.86561,0.46125,0.19487,4
0.46463,-0.88473,-0.036963,2
-0.9245,-0.37941,0.036624,2
-0.75547,-0.64274,-0.12705,2
0.6166,-0.77423,-0.14274,7
-0.77805,-0.61297,-0.13748,4
0.32171,-0.10804,0.94065,2
-0.67183,-0.66447,-0.32729,7
-0.72947,-0.59033,-0.34551,7
0.85804,0.46379,0.22062,4
0.62302,-0.77845,-0.076561,7
-0.016404,-0.89209,0.45156,7
-0.44945,-0.80168,-0.39409,7
-0.85927,0.022639,0.51102,7
-0.43372,-0.89341,0.11706,2
0.6412,-0.28716,-0.71162,2
0.28795,-0.9558,0.059406,2
-0.26792,-0.76752,0.58235,4
-0.66642,-0.73274,-0.13774,7
-0.70524,-0.57406,-0.41604,7
-0.70044,-0.7014,-0.132,7
0.076553,-0.9543,0.28888,4
0.050178,0.98685,0.15368,7
-0.68526,-0.69776,-0.20868,2
-0.72251,-0.64977,-0.2362,7
-0.41453,-0.74162,0.52742,4
-0.79984,0.24562,0.54765,4
0.39967,-0.91604,-0.03369,4
0.36847,0.69356,-0.61903,4
-0.64887,-0.68972,-0.32132,2
0.59802,-0.78686,0.15241,7
0.62955,-0.77694,0.004904,7
0.35614,-0.92721,0.11597,4
0.22101,0.83919,-0.49691,7
-0.89372,-0.28296,0.34815,7
0.76881,0.18592,0.61186,4
-0.90917,-0.11955,0.39889,2
-0.975,0.00029754,-0.22221,2
-0.11139,0.24245,-0.96375,7
-0.64841,-0.72721,-0.22524,2
-0.22171,-0.69611,-0.68284,4
0.41204,-0.45966,0.78673,2
-0.022256,-0.66112,0.74995,4
-0.49485,-0.79589,-0.34883,4
-0.56295,0.82638,0.013529,4
-0.74463,-0.66741,-0.0091363,2
-0.94987,-0.18182,-0.25436,7
-0.4695,-0.86262,0.18831,4
-0.68417,-0.71971,-0.11802,2
-0.63066,-0.29806,0.71654,5
-0.22275,0.26188,-0.93904,5
0.2944,0.15626,0.94282,6
0.88513,-0.028732,-0.46446,5
0.85957,-0.14489,-0.49004,5
0.10211,0.58729,-0.80291,6
0.72671,-0.63525,0.26142,6
0.83744,0.33774,-0.42968,5
-0.11379,0.64628,-0.75457,5
0.068908,0.62794,-0.7752,6
0.3254,0.082191,-0.942,6
0.86178,-0.016058,-0.50703,5
0.33486,-0.87773,-0.34271,5
0.094955,-0.79802,-0.59511,6
0.32107,-0.2418,0.91566,5
-0.26271,0.26628,-0.9274,5
0.25066,-0.32698,-0.91118,5
0.56724,-0.55588,-0.60765,6
0.89916,0.20028,-0.38909,5
0.85303,-0.15608,-0.49797,5
0.99577,-0.011839,0.091075,6
-0.24815,0.29129,-0.92389,5
0.095438,0.38778,-0.9168,6
0.79358,-0.60611,-0.053524,5
0.093865,0.42664,-0.89954,6
0.92689,-0.11201,-0.35824,5
-0.58756,0.53625,-0.60598,5
-0.28659,0.27935,-0.91642,5
0.83912,0.34304,-0.42215,5
0.57872,-0.54753,-0.6044,6
-0.39134,-0.79306,0.46681,6
0.7681,-0.11152,0.63054,5
-0.49179,0.50398,-0.71003,6
-0.68253,0.28111,-0.67463,6
0.84379,0.33825,-0.41667,5
0.077376,-0.3621,0.92892,6
-0.50148,0.67679,-0.53895,6
0.94948,-0.058161,0.3084,6
-0.26397,0.28894,-0.92024,5
0.098358,-0.80588,-0.58385,6
-0.60423,-0.78553,0.13357,5
0.83441,0.34992,-0.4258,5
-0.076078,-0.67768,-0.73141,5
0.076816,0.45488,-0.88723,6
0.86683,-0.14904,-0.47582,5
0.2874,-0.2163,-0.93307,5
0.36453,0.40821,-0.83695,6
0.86463,0.017187,-0.50212,5
0.82491,0.36027,-0.43558,5
0.94033,0.046789,-0.33703,5
0.91963,0.36908,0.13441,5
-0.28101,0.25264,-0.92586,5
0.98077,-0.11679,-0.15638,5
0.98191,-0.1017,-0.15973,5
0.86155,-0.11951,-0.49341,5
0.56305,-0.54817,-0.61846,6
-0.071882,0.91597,-0.39476,5
0.93941,0.036139,-0.3409,5
0.3081,0.41754,-0.85483,6
0.94195,0.064912,-0.32943,5
0.42999,-0.071173,-0.90003,6
0.94318,0.094417,-0.31859,5
0.84874,-0.50867,0.14457,6
0.059335,0.4714,-0.87992,6
0.57143,-0.54796,-0.61091,6
0.97246,-0.11421,-0.20319,6
0.069286,-0.22585,0.9717,6
0.24151,0.60918,-0.75536,5
0.61105,-0.35216,0.70894,5
0.93037,-0.26723,0.25099,6
0.9125,-0.11351,0.39302,5
0.72648,0.2924,-0.62187,5
-0.22731,0.31539,-0.92133,5
0.070882,0.43896,-0.89571,6
-0.18782,-0.32128,-0.92817,5
0.89068,0.22898,-0.39277,5
0.58742,-0.53454,-0.60762,6
-0.41144,-0.80715,-0.42335,6
-0.16948,-0.95265,-0.25247,6
0.95352,0.04094,-0.29855,5
0.73012,-0.61151,0.30492,6
0.8637,0.31822,-0.39083,5
-0.71427,0.032148,-0.69913,5
0.13066,0.48685,-0.86366,5
-0.053606,0.50459,-0.86169,6
-0.24786,0.30515,-0.91949,5
-0.92137,0.24335,0.30309,5
0.34238,0.43174,-0.83449,6
0.85911,-0.16437,-0.48468,5
0.84704,0.0052198,-0.5315,5
-0.78763,-0.61236,0.068245,5
0.54937,-0.54822,-0.63059,6
0.94558,0.012889,0.32513,5
0.11615,-0.8222,-0.55722,6
-0.26692,0.48962,-0.83007,5
